"County, State",Population,Income (Median),% Children in Poverty,Education (% completed High School),Education (% completed college),Social Association Rate,% Unemployed,Trama,Suicide rate,Homicide Rate,% Fair or Poor Health,% Excessive Drinking,Teen Birth Rate,% With Access to Exercise Opportunities,% Physically Inactive,Food Environment Index,% Adults with Obesity,% Adults Reporting Currently Smoking,% Low Birthweight,Average Number of Physically Unhealthy Days,Average Number of Mentally Unhealthy Days,Injury Death Rate,PTSD,Psychosis ,Primary Care Physicians Ratio,Dentist Ratio,Mental Health Provider Ratio,Preventable Hospitalization Rate,% with Annual Mammogram,% Vaccinated,% Severe Housing Problems,% Long Commute - Drives Alone,% Insufficient Sleep,% Disconnected Youth,% Households with Broadband Access,Desert Y/N,% Living in Desert,Deppresion ,% Homeowners,% Households with Severe Cost Burden,Traffic Volume,Life Expectancy,Age-Adjusted Death Rate,Child Mortality Rate,Infant Mortality Rate,% Frequent Physical Distress,% Frequent Mental Distress,% Adults with Diabetes,HIV Prevalence Rate,Drug Overdose Mortality Rate,% Uninsured Adults,% Uninsured Children,Other Primary Care Provider Ratio,% Less than 18 Years of Age,% 65 and Over,% Rural
"Adams, Pennsylvania",102470,76554,10,90,58,12.9,3.3,68.8,14,2,15,18,11,73,24,8.9,37,18,7,3.5,5.2,78,19.6,17,1859:1,3029:1,835:1,2541,53,55,10,42,33,3,88,Y,0.24,32,78,10,48,79.4,305,42,4,11,16,8,215,19,8,6,1178:1,19.1,21.8,63.3
"Allegheny, Pennsylvania",1221744,71973,14,95,80,11.3,4.2,68.9,14,9,14,21,10,93,21,8.3,32,16,9,3.3,5.1,110,17.1,20,915:1,1022:1,225:1,3140,46,53,13,39,34,4,89,N,0,30,65,12,202,77.2,393,56,6,10,15,8,266,50,6,3,401:1,18.4,20.4,2.4
"Armstrong, Pennsylvania",65867,57609,16,92,56,19.2,5.3,48.2,20,3,16,17,16,73,25,8.3,36,20,7,3.8,5.1,124,18.6,17,2325:1,3237:1,654:1,2839,43,41,10,45,37,6,83,Y,0.33,27,79,8,34,75.3,469,56,6,12,17,9,78,45,6,4,1177:1,18.9,24.0,64.9
"Beaver, Pennsylvania",165833,67135,14,95,69,14.0,5.4,68.8,14,4,15,18,14,85,23,7.7,36,19,7,3.6,4.7,98,16.7,21,2563:1,1972:1,640:1,2920,45,48,10,38,35,4,86,Y,0.07,36,74,9,77,75.9,446,50,6,11,16,9,89,41,6,3,1035:1,19.2,22.9,28.9
"Bedford, Pennsylvania",48337,55517,15,90,52,17.7,4.5,46.3,22,3,17,17,17,65,26,8.2,37,21,6,3.9,5.2,119,15.6,19,2966:1,2155:1,668:1,2908,48,37,10,35,35,6,81,Y,0.56,22,79,10,15,76.5,436,52,6,12,18,9,80,34,9,6,912:1,19.2,23.9,90.7
"Berks, Pennsylvania",418025,72157,14,88,59,10.7,4.3,58.2,15,4,17,17,18,86,25,8.6,36,18,8,3.7,5,82,16.4,21,1590:1,1786:1,557:1,3678,45,55,13,33,35,5,86,Y,0.05,30,71,12,146,78.0,359,49,6,12,16,10,254,32,9,5,1068:1,21.8,18.2,26.6
"Blair, Pennsylvania",123157,57884,17,93,59,18.5,4.5,74.3,17,2,16,17,18,78,25,8.1,34,21,7,3.9,5.1,93,20.1,23,1295:1,1552:1,341:1,3452,43,44,12,21,37,5,83,Y,0.11,33,72,10,95,75.4,463,41,6,12,18,9,98,32,8,5,455:1,19.9,21.7,25.7
"Bradford, Pennsylvania",60963,63529,17,91,51,14.0,4.2,78.2,17,3,17,17,24,61,27,8.2,41,21,6,3.9,5.1,91,18.9,25,982:1,1814:1,981:1,2715,51,45,11,34,37,11,84,Y,0.48,34,72,9,27,77.6,379,47,,12,18,9,75,20,9,6,372:1,21.9,22.6,73.0
"Bucks, Pennsylvania",626806,105202,7,95,73,8.0,3.8,55.5,13,2,12,19,5,92,21,9.1,31,15,7,2.9,4.9,82,12.3,19,1238:1,1142:1,333:1,2956,47,60,13,44,35,7,93,Y,0.01,28,78,12,140,79.3,308,32,3,9,15,7,164,34,5,3,1146:1,19.7,20.7,10.3
"Butler, Pennsylvania",186899,81507,8,96,74,12.0,4.2,63.1,14,1,12,20,7,84,21,8.9,32,16,7,3.3,4.4,85,16.3,21,1472:1,1399:1,472:1,2318,48,50,10,43,35,4,89,Y,0.14,35,76,10,49,77.9,346,34,4,10,15,7,49,37,5,3,799:1,18.9,20.8,43.3
"Cambria, Pennsylvania",133009,54612,22,93,63,19.8,5.4,68,18,5,16,17,17,85,26,7.7,39,20,9,3.9,5.5,134,22.3,22,1437:1,1685:1,440:1,3429,46,42,11,29,37,5,81,Y,0.02,37,76,10,54,74.9,483,45,6,12,18,9,100,58,7,3,567:1,19.0,24.2,46.1
"Cameron, Pennsylvania",4611,50338,23,93,53,24.7,5.7,,,,19,16,21,31,29,7.6,39,24,9,4.3,5.5,99,,,2230:1,1105:1,2209:1,3580,46,43,13,21,38,,78,Y,1,,71,9,0,77.0,440,,,14,19,10,,,7,5,631:1,17.3,29.2,100.0
"Carbon, Pennsylvania",63887,64766,16,90,54,13.3,5.1,66.4,24,3,17,17,15,65,27,8.3,36,20,8,3.9,5.5,142,21.7,26,2973:1,2424:1,1284:1,3508,47,55,14,52,35,13,87,Y,0.15,37,75,12,42,75.3,461,48,,12,17,9,263,54,7,4,1091:1,18.8,22.5,58.9
"Centre, Pennsylvania",161960,67654,10,95,73,13.1,3.6,62.3,10,1,14,19,2,76,23,8.9,33,17,6,3.4,5.2,45,14.6,16,1202:1,1703:1,410:1,2402,56,57,18,23,35,1,85,Y,0.21,34,63,17,90,81.6,229,29,5,11,16,9,148,7,7,6,720:1,14.3,16.0,34.6
"Chester, Pennsylvania",519560,117326,6,95,81,9.7,3.2,54.9,12,2,11,18,5,90,18,9.1,32,12,6,3,4.6,64,14.2,16,1250:1,1433:1,347:1,2655,47,60,12,43,31,5,93,Y,0.03,25,75,11,104,81.1,241,33,4,9,14,7,108,23,6,5,963:1,21.8,17.9,19.3
"Clarion, Pennsylvania",38715,57844,16,91,54,15.6,5.2,73.7,17,,17,18,11,48,26,7.8,37,21,6,4,5.4,85,15.7,26,2186:1,2334:1,602:1,2595,45,40,13,31,37,,82,Y,0.32,24,71,10,22,75.9,442,45,8,12,18,9,206,18,8,6,889:1,18.6,20.7,84.8
"Clearfield, Pennsylvania",79908,59318,16,90,53,17.6,5.4,86.4,23,2,18,18,18,64,27,7.7,37,22,9,3.9,5.2,100,24.1,29,2164:1,2226:1,295:1,3099,53,43,12,33,37,10,80,Y,0.42,42,78,10,26,76.2,423,79,8,13,18,10,97,30,8,5,430:1,18.3,22.1,61.3
"Clinton, Pennsylvania",38915,58892,18,90,51,12.3,5.3,86.8,19,,17,18,12,55,27,8.0,37,22,7,4,5.3,78,28,38,2882:1,2371:1,690:1,2705,49,55,12,32,36,6,82,Y,0.19,37,71,11,49,77.0,403,63,,13,18,9,81,19,9,7,973:1,19.9,19.9,47.9
"Columbia, Pennsylvania",65715,59127,14,92,58,14.8,4.5,70.5,19,4,16,17,8,77,26,8.3,41,20,8,3.9,5.2,86,19.3,23,1753:1,2094:1,1299:1,2488,52,52,11,26,36,7,85,Y,0.31,35,71,11,67,77.5,393,33,,12,17,9,176,32,7,4,1299:1,17.4,20.4,44.7
"Crawford, Pennsylvania",85665,54774,19,91,49,15.2,4.8,57.3,17,3,17,17,18,76,27,8.0,39,22,8,4.1,5.4,98,14.9,23,1634:1,2234:1,599:1,2695,52,43,11,28,36,9,83,Y,0.46,29,74,9,22,75.8,429,74,9,12,18,9,119,35,9,6,765:1,20.4,22.6,65.8
"Cumberland, Pennsylvania",249328,81295,9,93,69,12.8,3.4,70.6,11,2,13,17,8,88,20,8.8,31,15,7,3.2,4.5,64,19.9,21,1153:1,1436:1,424:1,2356,53,53,11,25,36,5,90,Y,0.08,31,70,10,139,79.6,300,34,5,10,15,8,154,19,7,5,616:1,20.2,19.1,20.9
"Dauphin, Pennsylvania",275632,67813,16,91,67,17.7,4.0,73.1,14,7,16,17,21,89,25,8.1,37,17,9,3.4,4.6,89,19.2,23,968:1,1350:1,366:1,2904,48,50,14,25,37,5,88,Y,0.04,38,63,12,187,77.3,397,61,7,11,16,10,435,33,8,4,358:1,22.1,18.2,14.8
"Delaware, Pennsylvania",564554,83856,13,94,72,7.9,4.1,53.3,12,8,15,17,10,98,23,9.0,33,16,9,3.3,4.8,86,12.4,15,995:1,1186:1,285:1,2787,44,57,16,46,38,6,91,N,0,29,69,15,305,77.6,372,51,7,10,15,9,297,37,6,3,903:1,21.7,17.6,0.8
"Elk, Pennsylvania",30340,57570,14,93,56,17.5,4.9,81.8,25,,15,17,13,76,25,8.3,35,20,7,3.8,5.1,121,30.8,22,2798:1,3048:1,896:1,2361,54,50,7,18,35,,84,Y,0.05,39,79,7,36,77.2,400,51,,12,17,8,60,33,7,4,824:1,19.0,24.0,55.9
"Erie, Pennsylvania",273835,56489,20,93,64,12.9,5.0,70.6,16,5,17,18,18,85,25,6.9,38,20,9,3.9,5.1,88,17.3,22,1234:1,1431:1,380:1,3055,51,54,14,20,34,6,86,Y,0.11,32,68,13,100,76.6,411,51,7,12,17,10,135,29,7,4,481:1,20.6,19.8,24.0
"Fayette, Pennsylvania",131302,51494,23,90,52,13.6,6.1,60.2,18,5,18,17,25,64,29,7.3,37,22,10,4.3,6,129,15,20,2701:1,1497:1,218:1,3299,43,47,13,38,39,8,82,Y,0.14,32,73,11,47,73.4,556,67,7,13,19,10,113,55,8,4,744:1,19.1,22.8,55.1
"Forest, Pennsylvania",7313,43362,29,86,32,7.1,6.5,22.8,,,21,17,,88,30,6.4,40,23,10,4.1,4.9,81,,,,,2209:1,3119,48,39,12,41,40,,67,Y,1,,83,10,2,73.6,504,,,13,16,11,116,,6,1,6626:1,3.5,25.4,100.0
"Franklin, Pennsylvania",154147,73709,12,90,55,14.9,3.7,70.9,12,2,16,18,17,73,25,8.4,38,19,7,3.8,5,68,20.8,21,1628:1,2149:1,751:1,2394,48,46,10,30,37,6,86,Y,0.23,39,73,10,57,77.9,366,54,6,12,17,9,125,17,9,8,912:1,21.5,20.5,44.5
"Fulton, Pennsylvania",14506,64405,17,89,53,16.5,4.1,38.6,16,,17,18,18,48,26,8.6,37,21,7,3.9,5.3,87,14,9,4841:1,3633:1,1615:1,2306,41,33,11,50,38,,80,Y,0.32,26,77,9,9,76.2,433,,,12,18,9,64,30,7,5,1038:1,19.3,22.4,100.0
"Greene, Pennsylvania",36870,63082,18,89,51,13.3,5.3,66.9,18,,17,18,16,72,26,7.8,37,21,10,3.9,5.1,105,18.6,23,2211:1,2666:1,722:1,4229,42,40,9,47,37,6,84,Y,0.29,21,79,8,37,74.4,501,75,,12,17,9,101,39,8,5,1507:1,19.1,21.0,75.7
"Huntingdon, Pennsylvania",45369,58170,16,90,47,17.5,5.6,59.4,21,,17,18,16,62,27,8.6,38,20,7,3.9,5.1,83,18.3,19,3135:1,3329:1,698:1,2714,49,44,9,46,37,5,83,Y,0.49,29,79,9,33,77.6,384,57,9,12,17,9,174,24,7,5,962:1,17.7,22.5,74.3
"Indiana, Pennsylvania",85032,53040,18,92,64,14.7,5.3,78.8,14,2,17,19,9,66,25,8.2,39,20,7,3.9,5.1,108,21.5,30,1973:1,2304:1,261:1,3330,48,44,13,34,36,7,79,Y,0.45,33,71,10,48,76.1,437,38,4,12,17,9,57,46,9,6,912:1,17.7,20.7,59.8
"Jefferson, Pennsylvania",43846,54248,19,91,47,19.3,4.9,61.6,15,,17,18,17,65,28,8.2,38,22,9,4,5.3,93,17,21,2101:1,2433:1,952:1,2560,52,43,12,29,36,11,81,Y,0.22,27,75,9,29,76.5,421,51,,13,18,9,,27,10,7,755:1,21.1,22.2,73.5
"Juniata, Pennsylvania",24624,62661,15,83,45,21.9,4.3,46,18,,18,17,15,54,27,8.8,37,22,6,4.1,5.3,80,17.4,16,5824:1,5835:1,4668:1,2882,54,51,11,45,37,13,79,Y,0.46,10,73,7,9,77.1,390,68,,13,18,9,91,,12,9,2593:1,21.8,21.4,100.0
"Lackawanna, Pennsylvania",210652,61168,17,92,64,10.3,4.7,71,17,2,16,17,14,93,25,8.0,33,19,8,3.7,5.1,98,22.3,25,1212:1,1239:1,358:1,3229,43,53,14,23,35,8,86,Y,0.08,35,65,13,143,76.3,440,41,6,12,17,9,237,41,7,4,572:1,20.3,20.6,17.6
"Lancaster, Pennsylvania",540999,82434,12,87,60,13.8,3.5,71.2,11,2,15,17,11,81,23,8.8,35,17,6,3.6,4.8,75,17.9,19,1384:1,1692:1,523:1,2186,53,60,14,30,37,6,85,Y,0.1,31,70,12,104,79.3,315,49,5,11,16,8,174,25,11,11,871:1,22.9,19.7,27.9
"Lawrence, Pennsylvania",86727,58730,17,92,60,15.4,5.4,67.5,18,5,17,18,17,88,26,7.7,36,20,9,4,5.2,121,16.1,25,2443:1,1697:1,610:1,2590,43,48,12,32,37,7,85,Y,0.19,34,75,10,40,74.7,492,79,7,12,18,9,94,50,8,5,1048:1,19.8,23.4,42.4
"Lebanon, Pennsylvania",139729,69490,14,88,57,14.4,3.7,66.6,14,2,16,18,18,87,26,8.5,36,19,8,3.7,4.8,76,15.1,22,1729:1,1846:1,291:1,2399,52,52,13,30,35,8,86,Y,0.12,29,72,11,76,77.7,364,41,5,12,17,9,174,25,9,6,818:1,22.4,20.5,25.4
"Lehigh, Pennsylvania",365052,72590,16,90,66,9.9,4.4,56.3,13,4,17,19,17,85,26,8.4,34,17,8,3.4,4.8,90,14.6,20,1037:1,1137:1,421:1,3245,52,58,16,30,37,7,88,Y,0.04,32,65,14,196,78.4,337,41,6,11,15,10,392,31,10,4,482:1,22.3,17.6,9.9
"Luzerne, Pennsylvania",317663,59358,21,90,60,10.3,5.3,63.1,18,4,17,17,20,88,28,7.9,37,20,8,3.9,5.1,113,18.8,22,1320:1,1532:1,752:1,3020,47,50,13,26,39,10,85,Y,0.11,36,67,13,128,75.0,481,55,6,12,17,10,171,55,9,5,624:1,20.2,20.2,22.2
"Lycoming, Pennsylvania",114330,61729,16,91,59,15.8,4.7,65.3,15,10,16,17,16,54,26,7.7,37,19,8,3.7,5.1,85,20,19,1306:1,1950:1,483:1,2587,57,52,14,21,37,10,85,Y,0.3,31,70,11,90,76.5,414,61,7,12,17,9,188,30,7,5,400:1,20.5,20.8,40.4
"McKean, Pennsylvania",41401,58112,21,93,50,19.0,5.4,67.6,14,,17,17,19,82,28,8.2,37,21,10,4,5.5,75,17.4,17,1737:1,2098:1,712:1,2519,45,43,10,27,37,,84,Y,0.31,37,77,9,34,75.7,461,47,,13,18,9,64,19,7,5,1049:1,19.2,21.0,72.4
"Mercer, Pennsylvania",111518,57702,18,91,60,15.7,5.0,53.5,17,4,17,17,16,87,27,7.5,40,20,8,4,5.5,113,18.8,20,1617:1,1734:1,461:1,2771,49,45,11,26,37,7,83,Y,0.18,27,72,10,53,75.0,474,62,7,12,18,9,79,48,7,5,853:1,18.7,23.3,47.9
"Mifflin, Pennsylvania",46276,57096,21,85,43,15.8,4.8,59.1,17,,19,17,17,69,29,7.7,36,23,7,4.3,5.4,92,15,21,1648:1,2874:1,978:1,2973,57,57,11,32,38,14,81,Y,0.42,23,72,9,66,76.0,436,71,10,13,19,10,67,23,10,7,657:1,22.5,22.0,54.5
"Monroe, Pennsylvania",168032,79824,16,90,60,7.2,5.7,69.9,15,4,17,16,8,77,25,8.5,33,17,9,3.6,4.6,93,20.5,26,2489:1,2697:1,658:1,3278,45,48,16,49,38,6,91,Y,0.08,38,79,14,65,77.5,386,40,6,11,16,10,234,39,8,4,1007:1,19.1,19.6,56.8
"Montgomery, Pennsylvania",823823,106743,7,95,80,10.7,3.5,53.5,12,2,12,19,6,97,20,9.2,31,13,7,3,4.7,69,12.7,15,766:1,934:1,234:1,2948,49,62,13,45,32,4,93,N,0,27,72,12,171,80.1,282,30,4,9,14,8,114,26,5,3,771:1,21.0,19.0,3.3
"Montour, Pennsylvania",18259,76229,13,93,73,17.1,3.4,60.8,20,13,15,17,10,50,23,8.7,34,17,7,3.5,5.1,133,11.7,21,172:1,646:1,166:1,2597,55,62,12,21,35,,85,Y,0.21,48,70,12,96,77.7,373,,,11,16,8,117,35,6,5,53:1,19.9,22.1,54.3
"Northampton, Pennsylvania",302809,75468,14,92,68,9.8,4.2,59.3,15,2,15,19,9,90,23,8.7,32,16,8,3.3,4.8,84,13.2,21,1240:1,1694:1,356:1,3510,50,58,13,36,36,4,88,Y,0.04,33,71,12,114,79.3,321,29,4,11,16,9,71,33,7,4,501:1,19.0,20.3,16.9
"Northumberland, Pennsylvania",91761,57822,18,90,52,16.1,5.0,63.1,13,4,17,17,22,60,26,8.3,39,21,8,3.9,5.1,105,18,24,2282:1,2372:1,1839:1,3695,56,53,11,33,37,9,81,Y,0.09,33,74,10,76,75.5,458,63,6,12,18,9,126,43,7,5,1878:1,19.5,22.4,35.3
"Perry, Pennsylvania",46053,67834,13,89,49,16.1,3.6,64.8,22,,16,18,19,46,25,9.0,35,20,7,3.7,5.2,101,19.7,27,3832:1,4611:1,2562:1,2826,47,49,10,59,36,6,84,Y,0.53,33,81,9,22,76.7,393,63,6,12,17,9,46,35,9,9,3294:1,20.7,20.6,93.5
"Philadelphia, Pennsylvania",1579075,56385,28,87,68,7.6,5.4,53.1,10,24,21,19,23,100,30,7.9,31,19,11,4.1,5.8,131,12.2,15,1412:1,1216:1,292:1,4199,41,47,22,53,38,10,85,N,0,28,52,21,563,74.5,541,74,8,13,18,12,1264,69,10,4,544:1,21.1,14.7,0.0
"Pike, Pennsylvania",55453,81886,13,93,65,6.3,5.6,66.6,16,3,15,17,8,59,24,8.7,39,17,8,3.6,4.8,105,23,23,3997:1,6729:1,1081:1,3148,40,48,17,61,35,7,89,Y,0.55,36,84,16,20,79.5,349,38,,11,16,9,239,38,7,5,5047:1,16.9,24.1,87.2
"Potter, Pennsylvania",16806,53935,23,90,49,19.1,5.9,45.4,27,,18,17,24,28,28,8.3,39,22,7,4.1,5.5,105,16.1,21,2710:1,2317:1,3244:1,2599,41,26,12,33,36,,83,Y,0.74,25,80,10,13,77.1,408,,,13,18,10,50,,9,7,579:1,20.0,25.9,100.0
"Schuylkill, Pennsylvania",142674,63680,16,90,53,12.9,5.0,70.8,20,11,17,18,19,75,27,8.3,39,21,9,3.8,4.9,111,19.2,24,1990:1,2016:1,973:1,3190,46,53,11,37,36,6,83,Y,0.11,37,77,10,66,74.6,496,66,7,12,17,9,136,45,8,5,1301:1,19.8,21.2,47.1
"Snyder, Pennsylvania",40483,62382,14,85,48,15.1,4.3,65.5,11,,16,18,10,62,26,8.8,36,20,6,3.8,5.3,66,13.6,24,2476:1,1888:1,1166:1,2782,60,58,10,30,37,5,80,Y,0.5,27,75,8,65,79.7,321,35,,12,17,9,71,12,10,8,1101:1,20.3,20.9,70.3
"Somerset, Pennsylvania",74361,50516,19,90,49,20.6,5.4,53.2,15,2,17,18,15,64,26,8.2,39,21,7,3.9,5.1,99,16.2,21,2727:1,2345:1,706:1,2919,48,38,9,30,37,11,79,Y,0.4,32,81,8,37,76.1,433,55,5,12,17,9,84,29,9,6,1232:1,18.1,24.0,77.6
"Sullivan, Pennsylvania",6135,59957,23,91,43,15.3,5.3,79.7,,,16,16,24,38,26,7.4,36,20,6,3.9,5.2,103,35.4,22,,5855:1,5855:1,1361,45,46,10,49,36,,78,Y,1,49,85,8,0,76.1,424,,,12,17,9,,,9,7,2928:1,9.6,32.3,100.0
"Susquehanna, Pennsylvania",40970,63413,19,92,50,10.4,4.2,56.6,22,4,17,17,17,47,26,8.1,41,21,7,3.9,5.1,97,17.5,16,2742:1,4759:1,1228:1,2867,43,44,13,43,36,9,87,Y,0.85,30,79,11,16,77.7,367,58,,12,18,9,81,18,9,7,1655:1,18.5,25.3,100.0
"Tioga, Pennsylvania",40944,61190,18,92,54,15.4,4.9,75.7,20,,16,17,18,54,26,7.5,38,20,6,3.9,5.3,87,19.2,14,2274:1,1787:1,721:1,2198,52,41,11,36,36,8,83,Y,0.45,17,76,10,14,76.9,389,52,,12,18,9,74,29,8,4,979:1,19.2,23.6,100.0
"Union, Pennsylvania",45111,65521,12,86,46,14.8,3.9,64.1,10,,16,19,7,78,26,7.9,35,19,5,3.8,4.9,57,20.9,18,925:1,1527:1,570:1,1667,60,57,12,22,37,12,77,Y,0.08,23,72,10,58,80.7,264,35,,12,16,9,254,12,9,7,509:1,17.4,19.2,63.2
"Venango, Pennsylvania",51818,52449,20,91,53,20.6,5.0,67.4,23,,17,16,22,68,25,8.2,35,21,8,3.8,5.1,99,19.8,26,1665:1,2620:1,461:1,3290,44,48,10,28,37,7,85,Y,0.21,34,75,9,41,75.0,494,59,9,12,18,9,78,27,8,5,524:1,18.7,25.0,56.1
"Warren, Pennsylvania",39756,56707,19,94,57,16.5,4.7,73.5,17,,16,17,20,78,26,8.3,37,20,8,3.8,5.1,88,14.2,20,2542:1,2100:1,727:1,2435,44,43,9,21,35,,82,Y,0.5,34,78,7,46,76.4,411,57,,12,17,9,43,15,7,5,713:1,19.5,24.9,62.0
"Washington, Pennsylvania",207212,70751,13,94,71,12.9,4.6,56.7,18,3,14,18,10,80,22,8.0,34,17,7,3.4,4.7,111,14.6,21,1293:1,1514:1,657:1,3319,44,49,10,41,34,5,87,Y,0.11,33,76,9,79,76.1,436,40,5,10,16,8,59,48,6,4,884:1,19.4,22.1,32.3
"Wayne, Pennsylvania",51422,56973,18,92,49,11.3,5.1,63.6,26,4,16,17,13,58,25,8.7,34,20,7,3.7,5.2,109,13.7,17,2707:1,1706:1,882:1,2942,42,46,14,40,37,8,84,Y,0.37,26,82,12,14,76.8,407,38,,12,17,9,70,36,9,5,1044:1,16.5,25.7,86.2
"Westmoreland, Pennsylvania",352590,71152,13,95,73,13.9,4.6,64,17,2,14,18,10,90,22,8.1,32,16,8,3.7,5.2,110,16.9,22,1385:1,1437:1,491:1,2966,46,51,10,40,34,4,86,Y,0.06,33,78,9,65,76.9,396,47,5,11,16,8,42,41,5,3,1057:1,17.9,24.4,26.5
"Wyoming, Pennsylvania",27327,67643,17,93,53,9.6,4.9,103.7,25,,15,19,16,63,25,8.8,37,19,7,3.7,5.1,120,20.3,44,1736:1,2168:1,1369:1,3047,45,49,10,37,35,,86,Y,0.57,43,77,10,20,75.6,457,,,11,17,9,58,39,7,4,1239:1,19.0,23.0,95.3
"York, Pennsylvania",445565,79938,12,91,62,12.0,3.8,75.9,17,5,15,18,15,79,25,8.7,39,16,9,3.6,4.7,103,20.3,23,1484:1,1794:1,706:1,2586,53,57,12,37,36,8,88,Y,0.11,35,76,11,96,77.7,371,45,5,11,16,9,222,35,7,4,829:1,21.6,19.0,28.5
"Anderson, TEXAS",58064,60800,22,85,43,9.1,3.4,48.2,33,7,22,19,38,37,29,6.2,42,21,8,4.2,5.5,103,12.6,20,2655:1,2151:1,1873:1,3710,36,40,12,30,37,,82,Y,0.61,29,69,11,26,72.0,633,51,,13,18,13,586,21,24,9,1210:1,18.9,15.5,67.9
"Andrews, TEXAS",18334,68998,15,74,44,7.0,3.2,52.2,16,,22,19,43,75,31,7.4,39,17,8,4.1,5.3,76,11,11,2049:1,4584:1,6111:1,3212,32,19,11,34,34,,91,Y,1,32,73,12,44,75.1,498,68,,13,17,13,112,,28,17,1222:1,31.0,10.1,18.3
"Angelina, TEXAS",87101,56825,22,84,56,10.5,4.6,55.6,16,7,22,15,34,66,32,6.3,43,19,9,4.5,5.6,77,15.3,21,1518:1,1708:1,593:1,3223,40,44,15,22,37,17,88,Y,0.34,26,65,12,52,73.4,583,62,7,14,19,14,260,17,27,13,846:1,25.2,16.9,51.9
"Aransas, TEXAS",24944,60523,30,89,54,3.7,5.3,87,36,,20,16,28,67,28,5.3,38,19,9,4,5.5,117,15.1,24,3064:1,3563:1,1134:1,1971,43,47,19,22,36,,89,Y,0.24,54,79,13,41,73.0,644,69,,13,18,12,169,18,26,15,1919:1,18.2,27.8,23.6
"Archer, TEXAS",8835,72062,12,91,62,9.2,3.4,54.3,23,,16,19,16,20,24,7.5,36,18,7,3.7,5.4,80,21.3,19,,,8835:1,2915,41,43,12,18,34,,83,Y,0.66,17,84,11,3,78.0,374,,,11,18,9,,,21,15,8835:1,22.3,21.2,87.4
"Armstrong, TEXAS",1850,67548,14,93,59,27.2,2.8,,,,14,20,,1,21,6.8,34,15,8,3.4,5.1,,,,1839:0,1850:0,,,44,33,6,49,34,,88,Y,1,,87,8,52,72.1,531,,,10,16,8,,,18,13,1850:0,22.5,22.2,100.0
"Atascosa, TEXAS",50864,59817,23,81,44,5.6,4.0,52.9,20,6,22,18,37,44,31,7.7,40,16,8,4,5.1,71,16.9,20,4994:1,2119:1,1817:1,2662,28,34,17,51,34,15,85,Y,0.55,42,75,8,28,75.0,520,48,5,13,16,13,181,9,27,12,1884:1,26.8,14.8,71.5
"Austin, TEXAS",31097,68630,24,88,55,11.2,3.9,43.1,21,5,18,18,21,43,26,8.1,36,16,8,3.7,5.2,77,8.8,13,5063:1,2221:1,2221:1,2553,36,37,16,42,35,,81,Y,0.41,24,80,11,42,77.4,385,54,,12,17,11,232,,24,16,1637:1,23.5,21.1,78.8
"Bailey, TEXAS",6779,52751,22,73,32,10.2,4.2,26.3,,,23,18,48,79,31,8.1,38,16,8,4.1,5.2,107,,,3418:1,2260:1,2260:1,3612,37,33,8,25,34,,79,Y,1,,73,3,44,74.4,528,108,,13,17,13,,,33,20,847:1,29.7,15.5,25.3
"Bandera, TEXAS",22115,69284,19,92,59,10.7,3.7,64.3,29,,16,16,16,69,24,6.9,35,15,8,3.7,5.1,95,26,25,3081:1,3686:1,567:1,2231,40,37,13,67,35,,88,Y,1,20,87,10,6,77.5,411,66,,11,17,10,142,,23,14,1382:1,16.9,29.3,100.0
"Bastrop, TEXAS",106188,73403,18,83,53,6.4,3.3,64.4,19,6,18,20,27,47,26,7.9,37,16,7,3.6,4.9,85,15.3,20,4252:1,2794:1,1455:1,2524,36,39,16,61,35,8,84,Y,0.68,25,78,11,27,77.4,405,57,4,11,16,11,259,13,26,15,2082:1,25.4,15.8,72.0
"Baylor, TEXAS",3466,49059,21,87,46,14.4,2.7,56.9,,,18,17,34,88,26,7.2,37,18,9,3.9,5.5,113,,,435:1,3466:1,,4504,29,31,7,18,35,,82,Y,1,,68,10,31,70.7,778,,,12,18,10,,,20,12,867:1,22.8,23.2,100.0
"Bee, TEXAS",30394,48176,32,80,45,4.2,5.8,37.4,21,5,24,19,38,55,32,6.3,41,18,11,4.2,5,74,15.4,19,6185:1,3377:1,2026:1,2522,32,28,16,26,37,,76,Y,0.13,29,67,16,19,73.4,586,65,,14,17,14,548,14,22,9,1382:1,20.3,13.2,54.2
"Bell, TEXAS",388386,62412,20,91,68,7.5,4.4,73.6,18,8,19,18,28,72,27,6.8,40,17,9,4,5,67,18.9,25,1385:1,1191:1,379:1,3176,40,31,16,26,39,7,89,Y,0.11,40,55,14,76,76.0,454,67,6,12,17,12,291,12,19,9,492:1,27.3,11.8,13.7
"Bexar, TEXAS",2059530,65839,22,86,65,5.6,3.7,66.6,13,8,21,18,24,89,25,6.9,39,13,9,4,5.3,65,16.9,23,1359:1,1052:1,431:1,2437,37,39,18,36,37,9,88,Y,0.03,37,59,15,158,76.7,424,54,6,12,17,13,415,15,23,9,732:1,24.6,12.8,4.7
"Blanco, TEXAS",12418,82236,13,90,53,11.8,2.8,62.9,29,,16,18,12,38,23,8.1,36,15,6,3.5,5,82,18,13,2377:1,3105:1,2484:1,1888,36,36,13,47,33,,87,Y,1,25,78,11,32,78.7,344,,,11,16,9,105,,21,17,2070:1,16.6,26.8,100.0
"Borden, TEXAS",585,75186,18,95,79,0.0,1.9,,,,13,19,,4,19,7.0,33,13,,3.1,4.9,,,,617:0,585:0,585:0,,,,11,31,31,,87,Y,1,,73,1,0,,,,,9,15,8,3230,,13,11,585:0,21.5,24.4,100.0
"Bosque, TEXAS",18697,61048,19,88,56,11.9,3.7,56.9,17,,18,17,25,31,26,6.7,36,18,6,3.9,5.5,98,18.5,25,1850:1,2671:1,1870:1,3572,43,26,12,45,35,18,80,Y,0.63,28,76,7,18,75.0,500,58,,12,18,11,126,22,25,14,2077:1,20.7,25.1,100.0
"Bowie, TEXAS",92035,52460,26,90,52,13.0,4.6,64.5,21,10,19,17,37,52,27,6.9,40,19,11,4,5.8,78,14,24,1382:1,1615:1,773:1,3221,39,38,15,18,39,11,77,Y,0.32,35,63,13,63,73.2,568,81,10,12,18,12,340,7,21,9,487:1,23.6,17.5,37.9
"Brazoria, TEXAS",388181,86197,13,89,67,6.9,4.5,54.4,15,5,17,20,18,76,25,7.9,38,14,8,3.6,4.6,59,13,20,1531:1,1695:1,942:1,3725,33,41,12,53,37,8,92,Y,0.17,35,74,10,54,77.5,381,43,5,10,15,11,303,14,19,9,1311:1,25.5,12.8,22.6
"Brazos, TEXAS",242014,60355,17,89,72,8.1,3.1,67.9,10,4,18,21,14,87,25,6.5,35,16,8,3.8,5.5,40,17.3,21,1203:1,1741:1,710:1,2778,44,51,25,13,38,6,84,Y,0.01,40,47,22,96,79.2,317,47,5,12,17,12,218,8,21,12,1260:1,19.9,10.3,11.9
"Brewster, TEXAS",9343,52388,21,89,73,14.8,3.4,43.2,33,,17,17,15,72,23,6.1,36,12,6,3.4,4.7,90,13.5,27,788:1,3114:1,584:1,1162,29,25,16,20,33,,80,Y,0.31,43,60,16,33,78.8,429,,,10,15,11,121,,27,18,934:1,17.9,25.2,34.2
"Briscoe, TEXAS",1431,53208,20,85,43,0.0,3.5,,,,23,15,,29,31,2.2,41,21,,4.5,5.7,134,,,1403:1,1431:0,,814,36,27,15,24,36,,67,Y,1,,74,20,,,429,,,14,19,13,0,,30,20,1431:1,22.2,23.8,100.0
"Brooks, TEXAS",6906,35359,47,70,35,0.0,6.0,16.8,,,32,14,52,89,40,4.8,45,18,10,4.9,5.3,82,,,,6906:1,3453:1,3504,26,29,18,18,38,,75,N,0,,61,11,22,70.9,700,,,16,18,18,198,,28,9,3453:1,26.9,17.0,36.4
"Brown, TEXAS",38373,53455,25,87,57,16.8,4.3,64.4,19,,19,18,27,56,26,6.3,38,18,8,4,5.5,66,23,27,1910:1,2741:1,512:1,1998,31,34,11,14,35,8,86,Y,0.32,31,68,11,48,73.2,577,57,7,12,18,11,128,12,22,12,984:1,20.3,20.8,43.4
"Burleson, TEXAS",18657,62095,22,84,55,8.9,3.6,60.8,18,,19,17,28,41,26,7.5,36,17,10,3.8,5.2,85,14.1,24,2579:1,9329:1,9329:1,3324,38,41,10,49,35,,80,Y,1,37,79,8,27,74.9,513,,,12,17,11,144,,25,14,1866:1,21.9,21.3,100.0
"Burnet, TEXAS",52502,74897,14,88,50,12.4,3.0,73.6,19,4,17,18,25,42,24,7.7,36,16,8,3.7,5.2,84,15.4,24,2426:1,2019:1,1313:1,2133,41,41,13,41,36,,89,Y,0.5,35,79,11,32,77.4,392,31,,11,17,10,149,13,24,15,1167:1,20.1,23.7,67.3
"Caldwell, TEXAS",47848,60833,21,80,43,8.5,3.5,55.8,14,6,22,17,34,40,32,7.4,41,17,9,4.2,5.1,70,10.4,16,3899:1,3190:1,1139:1,3187,30,41,19,56,34,20,85,Y,0.67,28,72,11,32,75.8,469,47,,13,17,13,230,,30,15,2658:1,22.5,15.6,54.6
"Calhoun, TEXAS",19706,62742,24,84,50,10.6,3.7,33.1,20,,20,17,37,67,29,5.3,37,15,8,3.8,4.9,73,7.4,21,1973:1,1971:1,3941:1,3995,30,27,15,20,35,,80,Y,0.23,22,76,5,49,76.1,462,59,,12,16,12,140,,23,13,1314:1,23.1,19.6,40.0
"Callahan, TEXAS",14210,63836,21,92,60,9.9,3.6,61.9,28,,16,19,25,55,23,7.1,36,17,9,3.7,5.4,106,11.6,44,7058:1,3553:1,14210:1,2914,32,34,8,32,34,,87,Y,1,23,82,6,25,74.1,531,,,11,18,9,92,,22,10,1093:1,21.4,21.6,100.0
"Cameron, TEXAS",425208,49583,30,71,53,4.9,5.7,38.7,9,3,29,17,37,75,35,5.1,45,15,9,4.3,5.5,36,12.3,15,2034:1,3127:1,1128:1,3224,31,39,22,22,33,15,74,Y,0.15,32,65,13,89,77.3,439,42,5,15,17,17,293,6,39,14,1045:1,28.6,14.1,17.6
"Camp, TEXAS",12716,52919,28,87,49,10.3,4.5,40.3,17,,21,17,36,59,29,7.0,40,19,7,4.2,5.5,101,20.2,20,1402:1,2543:1,1817:1,3468,34,36,16,27,37,,81,N,0,29,78,12,16,72.3,660,,,13,18,13,205,,25,13,2119:1,26.4,18.7,100.0
"Carson, TEXAS",5784,71902,12,92,71,20.9,3.1,61.7,,,15,19,11,61,22,8.0,35,16,6,3.5,5.3,118,17.3,27,,5784:1,2892:1,1941,41,44,6,40,33,,79,Y,1,37,84,4,11,73.6,493,,,11,17,9,0,,18,14,526:1,23.0,20.8,100.0
"Cass, TEXAS",28539,54276,27,88,48,20.0,4.7,63.2,30,6,21,16,30,36,30,6.5,41,22,9,4.4,6.1,106,20.5,31,4760:1,3171:1,2854:1,2800,32,36,12,37,37,,79,Y,0.52,25,78,11,17,72.1,624,72,,14,20,12,212,12,22,10,1502:1,22.5,22.3,80.6
"Castro, TEXAS",7298,59958,22,75,47,9.5,3.1,21.4,,,22,17,35,60,31,8.0,38,16,6,4,5.1,69,,,3687:1,,7298:1,3698,37,24,14,16,35,,82,Y,1,,65,8,0,75.9,470,,,13,16,13,,,31,17,1460:1,28.9,17.3,100.0
"Chambers, TEXAS",51288,102146,11,89,69,4.9,5.3,61,17,4,17,20,16,79,25,7.4,39,16,8,3.6,5.1,75,11.2,18,6981:1,10258:1,2564:1,6620,32,30,17,47,35,,90,Y,0.16,26,84,10,36,76.1,441,45,5,11,17,11,102,25,18,10,1769:1,27.8,11.8,54.1
"Cherokee, TEXAS",51645,50351,23,79,43,11.2,4.4,57.9,21,4,22,17,40,56,30,6.7,40,20,8,4.2,5.7,89,17.1,22,1965:1,2718:1,922:1,2650,38,38,15,35,37,,80,Y,0.39,29,72,11,30,73.3,584,64,9,13,19,12,277,10,30,13,1519:1,25.1,18.0,72.5
"Childress, TEXAS",6809,49200,25,82,44,10.4,2.8,43.1,,,21,20,37,59,29,6.2,39,19,8,4.1,5.3,90,,22,674:1,2270:1,1135:1,3478,20,20,12,39,37,,77,N,0,32,71,14,57,74.1,547,,,13,17,12,119,,26,10,681:1,19.5,16.2,32.2
"Clay, TEXAS",10486,66085,15,93,58,11.7,3.8,64.7,29,,16,18,23,7,23,5.7,36,17,7,3.6,5.4,107,17.8,25,2566:1,,5243:1,3141,36,44,12,38,34,,83,Y,1,25,81,9,16,75.9,467,,,11,17,9,79,,19,13,2097:1,20.0,24.0,100.0
"Cochran, TEXAS",2526,45766,39,69,36,15.9,4.8,,,,31,15,44,1,39,5.8,43,23,8,5.1,5.9,136,,,2516:1,2526:0,,817,28,22,14,41,37,,77,Y,1,,67,8,,72.0,620,,,17,20,17,,,34,17,1263:1,26.5,15.9,100.0
"Coke, TEXAS",3333,43774,21,86,44,12.0,3.5,39.7,,,19,17,28,70,27,3.9,37,18,9,4,5.6,84,,,,3333:0,,2741,39,43,3,39,35,,79,Y,1,,70,7,0,75.6,448,,,12,18,11,,,23,15,3333:0,20.7,25.6,100.0
"Coleman, TEXAS",7850,45834,27,88,52,22.0,4.3,48.8,,,19,16,37,66,27,6.1,37,19,10,4.1,5.6,91,,16,1934:1,3925:1,7850:1,5283,26,21,10,38,34,,83,Y,1,29,72,6,13,70.2,688,,,13,18,11,105,,27,12,1570:1,20.6,25.8,53.2
"Collin, TEXAS",1158696,113943,5,94,82,6.4,3.2,61.2,11,2,12,18,7,92,19,8.4,27,11,7,2.8,4,40,14.7,20,1027:1,1438:1,598:1,2650,49,53,13,46,33,6,96,Y,0.01,37,65,12,141,81.6,228,35,4,8,14,9,235,9,13,7,1079:1,24.5,11.7,6.1
"Collingsworth, TEXAS",2568,52093,26,78,56,19.1,3.5,54.5,,,23,16,25,83,31,7.3,39,20,9,4.5,5.6,125,,,2615:1,2568:0,2568:1,5726,21,11,17,22,36,,80,Y,1,,76,5,0,72.3,583,,,14,19,13,0,,35,23,856:1,26.6,18.7,100.0
"Colorado, TEXAS",20754,59711,21,84,55,16.0,3.5,33.7,24,7,20,16,25,64,28,8.0,38,18,8,4,5.3,100,8.4,13,1875:1,4151:1,2965:1,4064,35,34,13,36,36,,78,Y,0.56,24,82,6,15,74.4,488,120,11,12,17,12,240,,26,16,2306:1,23.4,22.7,100.0
"Comal, TEXAS",184642,92979,9,94,70,8.9,3.5,62.2,20,2,14,20,15,71,21,8.0,31,13,7,3.2,4.9,62,16.2,20,1683:1,1539:1,590:1,2116,42,43,13,49,31,8,94,Y,0.28,33,76,12,87,78.3,330,50,6,10,15,9,158,8,17,10,1106:1,22.0,18.5,46.6
"Comanche, TEXAS",13878,51559,25,85,47,10.9,3.5,57.9,21,,19,17,36,10,26,7.1,37,17,6,3.9,5.3,104,,18,1722:1,3470:1,1735:1,2290,35,24,12,28,34,,83,Y,0.76,24,82,8,15,75.0,485,75,,12,17,11,120,,27,14,1542:1,22.4,23.3,100.0
"Concho, TEXAS",3340,51191,36,75,37,0.0,3.1,60.8,,,21,16,19,66,29,6.7,37,18,8,4.1,5.3,,,,3341:1,3340:1,3340:1,2150,41,42,9,49,35,,83,Y,1,,81,6,17,81.7,320,,,13,17,12,709,,19,12,1113:1,18.4,26.1,100.0
"Cooke, TEXAS",43050,66466,19,89,57,10.7,3.4,64.2,24,,18,19,38,62,25,7.6,35,18,7,3.8,5.4,82,17.7,26,3840:1,2392:1,1656:1,3057,35,39,11,36,34,,79,Y,0.58,41,69,9,50,76.5,435,58,,12,18,10,116,11,25,14,1164:1,22.6,19.7,60.3
"Coryell, TEXAS",85057,63428,16,90,63,6.3,4.5,70.4,19,4,19,20,27,49,26,5.2,42,19,9,4.2,5.3,57,25.1,28,5615:1,3038:1,1546:1,2167,37,26,12,29,38,10,88,Y,0.1,49,58,10,46,75.7,458,62,7,12,17,12,350,8,19,7,1668:1,22.1,11.3,19.5
"Cottle, TEXAS",1307,45351,32,82,55,21.7,2.7,,,,24,14,,82,32,0.9,41,21,,4.6,5.9,,,,1381:0,1307:0,,2724,29,16,9,29,37,,68,Y,1,,67,8,0,,482,,,15,20,14,,,22,13,1307:0,19.0,25.7,100.0
"Crane, TEXAS",4546,67889,16,75,29,8.5,5.0,33.5,,,21,19,36,94,30,8.4,38,15,7,3.9,4.9,67,,,2340:1,4546:1,,3822,30,14,13,35,35,,74,Y,1,,85,5,33,74.7,529,,,12,16,12,,,29,18,4546:1,28.5,12.5,100.0
"Crockett, TEXAS",2943,71851,24,72,58,16.3,4.0,39.8,,,20,18,55,90,29,8.2,39,14,6,3.7,4.8,88,,,1534:1,2943:1,,3898,22,18,14,31,36,,70,Y,1,51,72,6,23,71.2,630,,,11,15,12,,,30,20,2943:1,26.2,18.7,100.0
"Crosby, TEXAS",4998,46457,34,78,38,9.8,4.1,68.9,,,26,16,47,20,35,6.8,41,19,9,4.5,5.6,110,,,2553:1,,2499:1,489,27,41,14,48,36,,85,Y,1,23,71,8,12,70.7,750,,,15,18,14,334,,29,15,1666:1,26.1,18.2,100.0
"Culberson, TEXAS",2155,52160,34,76,51,0.0,2.9,134.6,,,31,15,59,94,39,6.7,43,21,10,4.9,5.6,137,,,2193:1,2155:0,,3949,29,14,12,39,37,,59,Y,1,90,76,3,52,73.7,701,,,16,19,17,,,35,23,1078:1,22.8,21.4,100.0
"Dallam, TEXAS",7241,61636,15,78,54,13.9,2.4,25.4,30,,26,18,68,65,34,6.5,40,21,6,4.7,5.6,122,,,1195:1,3621:1,2414:1,3177,25,25,9,12,36,,82,Y,1,19,72,4,61,71.6,632,119,,15,19,14,166,,37,25,603:1,33.9,11.5,23.3
"Dallas, TEXAS",2600840,70871,20,81,62,7.8,3.7,48.4,11,9,20,19,29,96,29,7.3,35,16,9,3.7,5.3,64,11.5,15,1387:1,1049:1,487:1,2997,44,51,20,43,35,9,88,N,0,30,51,16,248,77.3,399,57,6,12,16,12,926,17,28,15,684:1,24.9,11.8,0.6
"Dawson, TEXAS",12130,48801,28,70,41,13.7,4.4,41.6,21,,29,17,61,69,38,5.2,41,21,11,4.9,5.5,87,13.2,15,2483:1,2022:1,12130:1,3541,21,28,17,26,36,,84,Y,1,25,72,16,48,72.6,611,84,,16,19,16,198,,29,13,1733:1,25.4,13.9,29.9
"Deaf Smith, TEXAS",18377,55565,22,72,33,8.2,3.0,31.5,16,,26,17,64,80,34,7.6,43,17,7,4.5,5.3,61,13.1,17,9165:1,2625:1,9189:1,2622,31,33,14,16,36,,80,N,0,24,64,9,38,74.4,490,75,,14,17,15,211,,33,19,919:1,31.0,12.8,16.5
"Delta, TEXAS",5406,54587,24,89,62,11.1,4.0,29.5,,,18,17,28,61,26,7.4,38,19,6,4,5.6,75,,,,,2703:1,3078,40,35,11,45,36,,78,Y,1,30,80,9,6,73.7,502,201,,12,18,11,269,,20,11,1802:1,24.0,20.7,100.0
"Denton, TEXAS",977281,102711,8,93,78,5.7,3.2,75.5,12,2,13,19,10,94,20,8.2,32,12,7,3.1,4.3,42,18,23,1865:1,1602:1,599:1,2626,48,50,13,46,33,5,95,Y,0.05,40,65,13,119,80.9,254,35,4,9,14,9,217,9,14,7,1207:1,23.2,11.6,7.2
"DeWitt, TEXAS",19772,55525,26,84,41,16.1,3.4,31.2,17,,22,17,43,64,30,7.5,39,19,9,4.2,5.3,74,14.7,17,1660:1,3295:1,3954:1,3519,31,34,15,35,35,,72,Y,0.3,28,71,12,38,74.8,508,51,,13,18,12,30,,25,12,1521:1,22.9,19.9,51.4
"Dickens, TEXAS",1726,47074,26,86,26,17.2,4.8,,,,21,17,25,61,29,7.1,39,18,10,4.1,5.1,142,,,1740:1,1726:0,1726:1,2070,26,27,13,47,36,,83,Y,1,,83,8,2,73.0,588,,,13,17,12,,,29,17,1726:1,18.7,27.5,100.0
"Dimmit, TEXAS",8387,44312,35,73,42,8.3,3.8,39.6,,,36,13,38,81,45,2.6,46,22,7,5.4,5.7,73,,17,2824:1,2796:1,2097:1,1941,17,32,25,32,37,,70,Y,0.23,28,65,23,56,72.2,705,,,19,20,21,177,,27,10,1048:1,28.4,16.6,34.8
"Donley, TEXAS",3339,44866,26,84,43,18.4,3.6,61.1,,,19,17,15,79,26,7.7,37,19,12,4,5.6,109,,,,3339:1,,2248,29,20,13,27,35,,64,Y,1,61,73,12,54,71.6,658,,,12,19,11,213,,26,16,835:1,20.4,24.1,100.0
"Duval, TEXAS",9888,40539,39,73,43,0.0,4.5,31,22,,28,16,38,,37,5.5,42,17,9,4.5,5,86,,17,,,9888:1,3388,24,31,12,33,36,,65,Y,1,33,71,8,20,72.2,685,,,15,17,16,215,,29,11,1978:1,25.1,17.0,100.0
"Eastland, TEXAS",17944,53351,20,85,61,14.0,4.6,57.9,24,,20,17,28,60,28,5.9,38,20,8,4.2,5.8,106,14.8,31,4466:1,2991:1,1994:1,3675,26,31,12,25,35,,81,Y,0.71,34,69,10,18,72.4,636,65,,13,19,11,86,,27,13,1794:1,21.2,22.2,100.0
"Ector, TEXAS",160869,64868,21,77,54,7.4,3.9,44.6,16,7,23,18,46,72,32,7.2,39,16,9,4.2,4.9,90,13.7,18,1751:1,1915:1,1962:1,4044,28,37,16,31,36,13,84,Y,0.13,34,65,13,85,72.4,604,75,6,13,17,13,241,19,29,19,1025:1,30.4,9.8,9.1
"Edwards, TEXAS",1422,50752,36,74,57,27.8,2.8,,,,26,14,42,1,34,6.7,40,19,,4.6,5.4,,,,1438:1,1422:0,1422:1,2395,35,24,13,28,36,,58,Y,1,,82,10,0,75.2,543,,,15,18,15,,,34,20,1422:0,21.5,29.2,100.0
"El Paso, TEXAS",868763,53441,29,80,67,4.7,4.3,42.4,11,4,23,17,31,83,30,6.7,38,15,9,3.9,5.1,56,12.1,16,2014:1,2064:1,810:1,2066,29,31,19,30,34,8,86,Y,0.24,30,63,15,161,77.0,419,42,4,13,17,14,356,15,30,10,970:1,25.9,13.1,4.0
"Ellis, TEXAS",212182,89314,12,88,64,8.2,3.5,59.8,15,5,16,20,20,54,23,7.9,37,15,7,3.4,5.1,57,14.4,20,2632:1,3215:1,1061:1,3123,42,47,13,50,35,8,91,Y,0.04,36,76,10,46,77.1,382,48,6,11,16,10,240,9,22,13,1424:1,26.1,13.1,30.7
"Erath, TEXAS",43895,60093,15,87,63,11.8,3.5,64.7,13,,18,19,12,70,26,5.9,37,17,8,3.9,5.3,74,18,20,1735:1,1756:1,813:1,2257,40,42,17,22,33,,88,Y,0.36,34,63,17,52,77.4,394,42,,12,18,11,68,9,25,13,1626:1,20.4,15.0,51.0
"Falls, TEXAS",17049,47534,28,83,58,11.6,4.1,53.4,17,,25,16,44,37,33,6.8,43,22,9,4.6,5.8,75,13.9,13,17313:1,3410:1,5683:1,2683,40,33,17,42,40,,74,Y,0.47,21,78,11,15,74.9,510,113,,15,20,14,280,,24,11,2131:1,21.2,19.2,68.2
"Fannin, TEXAS",37125,60959,18,86,49,9.8,3.5,66.2,21,4,19,18,27,34,26,6.6,39,19,8,4,5.7,91,14.4,33,5224:1,4125:1,952:1,4356,38,40,13,50,35,,80,Y,0.61,35,75,11,8,74.4,512,57,,12,18,11,211,16,23,12,2063:1,21.2,17.8,78.1
"Fayette, TEXAS",24913,70476,15,90,53,20.7,3.5,39.5,12,,17,17,19,52,25,7.8,36,16,8,3.7,5.3,86,10.4,14,3086:1,1916:1,2265:1,2681,40,44,10,20,35,,72,Y,0.31,23,81,9,21,77.4,399,58,,11,17,10,150,,22,16,1384:1,19.9,26.9,79.5
"Fisher, TEXAS",3622,57867,25,86,59,21.6,3.5,46.4,,,18,17,34,42,26,7.6,37,17,13,3.8,5.2,89,,,1853:1,3622:1,,2042,31,11,7,32,34,,78,Y,1,,79,7,0,75.1,518,,,12,17,11,160,,20,13,1207:1,22.1,24.6,100.0
"Floyd, TEXAS",5235,45784,32,71,45,18.7,4.1,23.3,,,22,17,33,76,31,7.7,40,16,8,4.1,5.3,74,,,1783:1,5235:1,5235:1,2722,30,25,11,30,36,,76,Y,1,33,70,10,0,72.8,591,,,13,17,13,136,,31,16,1047:1,26.1,18.5,100.0
"Foard, TEXAS",1057,47657,28,80,44,0.0,3.2,,,,24,14,,0,31,3.5,40,22,,4.6,6,,,,1080:0,1057:0,,1678,19,30,10,21,36,,65,Y,1,,68,15,0,,676,,,15,20,13,,,21,13,1057:1,20.6,25.7,100.0
"Fort Bend, TEXAS",889146,105583,10,91,77,4.8,3.9,44,11,5,14,17,8,89,23,8.3,30,11,9,2.8,4.3,40,10.6,15,1181:1,1720:1,927:1,2830,37,48,14,58,36,6,94,Y,0.04,33,78,13,81,81.4,252,35,4,9,13,11,264,8,16,9,1170:1,26.5,12.5,4.8
"Franklin, TEXAS",10618,56623,20,91,66,10.5,3.2,60.2,19,,15,19,24,24,22,6.2,33,15,7,3.4,5,75,,26,3488:1,2655:1,2124:1,1979,31,41,10,38,34,,90,Y,0.75,45,80,6,11,76.0,479,,,10,16,9,250,,19,9,2655:1,22.2,22.5,100.0
"Freestone, TEXAS",19950,56372,19,85,50,11.1,5.3,65.4,24,,20,18,27,42,28,6.8,38,20,7,4.1,5.5,92,8.5,31,3296:1,3325:1,3990:1,3907,35,30,13,44,37,,70,Y,0.37,28,76,11,11,74.7,519,91,,13,18,12,462,,25,12,1663:1,22.1,20.6,100.0
"Frio, TEXAS",17815,46769,33,70,29,6.5,3.4,20.1,13,,29,18,45,40,38,6.3,42,19,10,4.6,5,58,14.8,11,4609:1,3563:1,2969:1,3510,23,29,11,18,37,,68,Y,0.31,32,61,13,36,73.8,596,58,,15,17,16,960,,29,11,1048:1,23.9,12.9,50.7
"Gaines, TEXAS",22181,62465,19,60,25,11.9,3.0,52.9,,,23,20,41,42,32,8.0,37,20,6,4.4,5.5,65,5.5,29,10948:1,7394:1,7394:1,2531,17,21,16,22,35,,82,Y,1,26,73,9,27,74.9,501,53,,14,18,12,50,,39,23,5545:1,35.9,9.1,67.3
"Galveston, TEXAS",357117,75947,15,90,68,6.6,4.4,63.8,16,8,16,19,18,85,24,7.2,34,14,9,3.5,4.9,75,14,21,1420:1,1930:1,695:1,4265,39,44,16,41,35,7,91,Y,0.03,34,68,15,84,76.5,433,52,5,11,16,10,384,21,19,10,888:1,23.4,15.8,4.1
"Garza, TEXAS",6262,50255,27,70,25,11.9,4.1,35.2,,,23,21,47,,31,7.4,38,18,7,4.2,4.9,60,,,5863:1,3131:1,6262:1,2097,24,29,13,30,36,,83,Y,1,,70,5,51,75.7,486,,,13,16,13,1033,,27,12,2087:1,14.3,10.7,100.0
"Gillespie, TEXAS",27477,77013,14,89,53,12.8,2.6,57.7,17,,15,17,25,53,22,7.8,34,14,9,3.4,5.1,80,11.3,23,853:1,1308:1,1057:1,979,47,48,14,24,32,,86,Y,0.33,26,70,11,31,79.8,312,55,,10,16,9,89,,26,19,1249:1,19.4,30.1,56.4
"Glasscock, TEXAS",1164,96533,12,86,76,0.0,2.6,,,,19,19,,,26,4.4,37,16,11,3.8,5.1,,,,1149:0,1164:0,,,39,36,11,33,36,,80,Y,1,,62,2,8,,,,,12,17,11,535,,26,26,1164:0,25.3,14.1,100.0
"Goliad, TEXAS",7131,62841,21,84,57,8.4,4.4,51.2,,,19,17,20,50,27,6.9,38,16,8,3.9,5.3,77,,21,,1783:1,7131:1,3078,34,41,9,52,35,,72,Y,1,26,83,8,18,79.0,403,,,12,17,11,147,,23,13,7131:1,20.3,24.6,100.0
"Gonzales, TEXAS",19832,57523,23,77,33,11.2,3.2,58.3,18,,24,17,38,49,33,6.2,40,19,8,4.3,5.5,77,23.6,20,2455:1,2204:1,3305:1,2518,30,37,16,38,35,,81,Y,0.47,40,67,10,32,75.1,533,,,14,18,13,169,,32,17,1417:1,26.5,17.4,64.6
"Gray, TEXAS",21015,50648,20,82,48,16.2,4.5,46.5,17,7,22,18,37,93,29,6.8,40,20,8,4.2,5.4,83,18.6,20,3505:1,1751:1,2627:1,2774,29,31,13,23,37,,83,Y,0.22,38,70,13,36,72.8,579,55,,13,18,12,92,19,31,15,1617:1,25.0,16.7,20.5
"Grayson, TEXAS",143131,66141,15,90,58,9.8,3.7,81,20,5,17,18,28,77,24,7.3,37,17,8,3.8,5.1,73,22.6,32,2362:1,1626:1,685:1,4380,33,45,13,32,35,10,84,Y,0.3,47,67,12,49,74.8,493,58,7,11,18,10,169,13,23,12,987:1,23.7,18.2,47.7
"Gregg, TEXAS",125443,60932,23,86,59,13.2,4.2,74.4,17,11,20,18,35,83,28,6.6,40,19,9,4,5.5,73,16.1,26,1099:1,996:1,451:1,3607,39,45,15,20,37,11,87,Y,0.04,36,60,13,75,72.8,592,62,7,13,18,12,499,11,26,13,560:1,25.6,16.0,13.5
"Grimes, TEXAS",30754,61188,21,81,54,7.3,4.5,58.4,19,5,21,18,30,31,28,6.5,41,20,9,4.2,5.6,82,10,12,3786:1,5126:1,5126:1,3028,37,44,12,57,37,,79,Y,0.54,18,78,11,25,74.9,511,74,,13,18,12,410,16,26,14,3417:1,22.5,19.0,74.5
"Guadalupe, TEXAS",182760,86043,13,89,59,5.4,3.4,73.9,15,4,17,19,17,66,26,7.3,38,14,8,3.5,4.9,56,20.4,25,3849:1,2574:1,1924:1,2559,36,35,12,44,36,8,91,Y,0.16,44,78,9,49,78.4,364,51,6,11,16,11,135,9,17,9,2077:1,23.9,14.8,24.8
"Hale, TEXAS",31827,49571,30,75,47,14.0,4.9,53.2,10,4,24,18,41,65,33,7.0,41,18,8,4.3,5.3,65,9.6,11,2478:1,6365:1,663:1,1579,30,29,16,21,36,16,79,Y,0.21,35,62,12,50,73.1,572,58,,14,17,14,159,,29,14,1326:1,26.4,14.0,30.5
"Hall, TEXAS",2810,40677,39,82,49,10.5,4.2,,,,23,15,31,75,31,6.1,40,19,11,4.4,5.5,101,,52,,2810:0,,4275,17,20,12,24,37,,68,Y,1,,70,4,39,75.1,529,,,14,18,13,,,34,15,2810:1,21.5,23.9,100.0
"Hamilton, TEXAS",8298,59753,21,89,45,17.0,3.4,58.5,25,,20,16,21,37,28,5.9,37,20,9,4.2,5.7,114,18,23,1029:1,1660:1,830:1,3053,34,20,13,24,35,,82,Y,0.31,23,83,10,26,74.0,524,125,,13,19,11,100,,26,15,1037:1,20.9,25.7,100.0
"Hansford, TEXAS",5151,69064,16,72,63,17.4,2.4,27.2,,,23,17,21,62,31,8.3,39,18,8,4.3,5.3,93,,,1720:1,5151:1,1288:1,1350,33,32,10,26,35,,84,Y,1,27,75,8,0,78.1,332,,,14,18,13,,,33,24,1717:1,28.6,15.3,100.0
"Hardeman, TEXAS",3516,49539,25,85,49,14.1,3.5,48,,,19,18,32,0,27,7.0,38,18,5,3.9,5.4,129,,48,888:1,879:1,879:1,5548,30,33,10,18,36,,72,Y,1,,68,6,62,74.8,590,,,12,18,11,232,,31,19,1172:1,22.1,22.2,100.0
"Hardin, TEXAS",57811,70432,17,89,57,11.4,5.2,73.7,23,5,18,19,30,67,27,6.6,36,19,9,4,5.5,87,17.4,23,5697:1,3613:1,1700:1,2894,41,39,12,53,35,,84,Y,0.24,48,83,10,33,74.1,536,70,6,12,18,11,119,16,19,10,1606:1,24.6,17.7,50.7
"Harris, TEXAS",4780913,68748,25,82,63,5.5,4.2,48.8,11,10,20,20,24,90,28,7.3,37,16,9,3.4,5.2,65,11.7,16,1717:1,1343:1,613:1,3047,36,45,20,47,34,9,90,Y,0.01,32,55,16,229,77.9,386,53,6,11,16,12,724,18,28,14,823:1,25.7,11.7,1.1
"Harrison, TEXAS",69955,64636,23,89,60,10.0,4.5,48.5,16,9,19,18,30,57,27,7.1,39,19,9,4,5.6,85,12.7,16,3293:1,4115:1,1999:1,3495,37,42,15,28,36,12,78,Y,0.55,28,74,12,40,74.5,537,58,7,12,18,12,227,14,23,12,1706:1,23.7,17.9,54.9
"Hartley, TEXAS",5208,84165,9,84,39,13.0,2.0,142.9,,,16,21,28,74,23,7.6,35,14,7,3.3,4.6,69,,,,,5208:1,,27,30,12,9,34,,90,Y,1,,80,7,14,80.1,287,,,10,15,10,,,22,14,,21.5,16.8,46.2
"Haskell, TEXAS",5403,48587,31,80,44,18.5,3.0,65.9,,,23,17,30,69,31,6.6,39,21,10,4.4,5.5,74,28.2,24,1082:1,2702:1,901:1,2975,30,36,11,22,36,,81,Y,0.37,,70,8,4,74.8,511,,,14,18,12,548,,28,15,5403:1,17.6,22.5,100.0
"Hays, TEXAS",269225,89074,8,91,70,5.8,3.0,87.2,13,4,17,21,13,81,24,8.1,30,14,7,3.4,5.4,51,19.2,26,2260:1,2564:1,811:1,1976,40,47,19,50,30,6,91,Y,0.03,41,63,17,98,79.8,286,38,4,11,16,11,198,9,19,10,1424:1,22.3,12.0,29.7
"Hemphill, TEXAS",3217,73212,15,89,63,21.4,3.3,35.5,,,16,19,14,80,24,8.0,35,15,5,3.6,5.1,69,,,818:1,3217:0,1072:1,5419,35,28,14,22,34,,82,Y,1,,73,9,18,81.1,288,,,11,16,10,261,,28,20,643:1,27.6,18.3,100.0
"Henderson, TEXAS",84511,62843,20,87,51,11.6,3.8,62.4,25,6,20,17,36,60,28,6.6,37,20,8,4.2,5.7,103,23,18,2789:1,2914:1,1432:1,3207,39,46,15,44,36,12,82,Y,0.43,31,76,11,22,72.8,601,75,8,13,19,11,198,18,25,12,1595:1,21.3,22.6,65.9
"Hidalgo, TEXAS",888367,48825,37,69,52,3.5,6.5,30.2,7,4,31,17,36,65,34,4.7,45,16,9,4.6,5.4,32,9.4,15,2158:1,3219:1,1199:1,3178,30,42,25,25,34,10,80,Y,0.05,31,68,15,81,77.9,415,38,4,15,18,18,241,5,43,13,920:1,30.8,11.5,8.9
"Hill, TEXAS",37329,57566,21,86,55,10.7,3.9,41.3,27,,19,18,30,48,26,7.7,38,18,8,3.9,5.4,101,17.8,16,4052:1,2871:1,2074:1,3728,39,35,14,43,35,9,85,Y,0.43,44,75,8,28,73.2,595,66,,12,18,11,160,31,25,14,2489:1,22.8,20.9,77.5
"Hockley, TEXAS",21161,56923,20,80,53,10.8,3.7,72.7,17,7,23,18,31,59,31,6.2,39,18,9,4.2,5.4,95,18.5,23,1643:1,2645:1,1245:1,2749,33,33,12,32,36,,81,Y,0.38,42,73,10,30,72.3,623,59,,13,18,13,92,,29,16,1323:1,26.5,15.5,41.5
"Hood, TEXAS",66373,75545,13,92,61,10.7,3.7,67.3,26,4,15,17,20,78,22,7.7,33,16,7,3.5,5,92,16.2,21,2676:1,1844:1,830:1,2312,50,46,12,51,33,14,90,Y,0.17,34,80,13,29,76.4,422,51,7,10,16,9,140,17,20,12,1443:1,20.3,25.6,41.1
"Hopkins, TEXAS",37804,64249,18,85,54,7.8,3.5,65.7,24,6,19,18,29,51,27,7.0,38,18,7,4.1,5.6,99,23.8,21,4135:1,3150:1,1219:1,3213,39,41,14,25,36,,86,Y,0.42,31,70,12,37,74.6,498,56,,12,18,11,168,9,26,14,969:1,23.9,18.7,60.1
"Houston, TEXAS",21950,49741,29,82,45,12.1,3.6,53,19,,24,16,36,51,32,5.9,39,23,10,4.5,5.7,82,13,24,7414:1,4390:1,3136:1,2965,33,36,16,39,38,,75,Y,0.55,29,69,11,10,74.1,566,71,,14,19,14,548,,25,10,1372:1,19.8,23.0,73.1
"Howard, TEXAS",33672,59598,22,81,46,11.1,5.1,37.2,27,9,22,19,47,64,30,6.3,40,18,10,4.1,5.2,98,12.2,17,4875:1,1871:1,488:1,3335,31,28,11,27,37,,85,Y,0.12,24,67,10,41,72.8,593,80,7,13,17,13,612,15,24,12,821:1,21.2,12.9,16.9
"Hudspeth, TEXAS",3432,39582,49,55,28,0.0,4.0,,,,35,16,48,0,42,0.0,44,22,10,5.3,5.7,54,,,,3432:0,,1047,27,17,25,38,37,,74,Y,1,,68,8,20,78.5,426,,,18,19,18,324,,34,15,3432:0,15.3,9.9,100.0
"Hunt, TEXAS",108282,68019,17,88,55,10.2,3.9,67.6,16,5,19,18,25,61,26,7.0,41,18,9,4.1,5.8,74,22.4,27,3693:1,3185:1,1177:1,4539,39,38,17,42,37,8,86,Y,0.36,35,70,12,44,74.7,515,63,7,12,18,11,178,11,25,10,1305:1,24.0,15.8,61.3
"Hutchinson, TEXAS",20215,65019,17,86,56,14.1,4.5,71,20,,18,19,33,63,26,6.9,37,18,9,3.9,5.3,106,20.7,25,4099:1,2022:1,6738:1,2694,36,36,8,25,35,,84,Y,0.34,37,82,7,29,71.4,668,82,,12,18,11,112,31,23,13,1444:1,24.6,17.9,37.7
"Irion, TEXAS",1530,77768,10,89,79,25.8,3.0,,,,17,18,,73,25,5.2,36,16,12,3.8,5.3,,,,1552:0,1530:0,,4702,53,39,25,29,34,,72,Y,1,,88,5,0,,392,,,12,17,10,,,20,17,1530:0,22.9,20.9,100.0
"Jack, TEXAS",8922,54132,19,80,49,9.2,3.8,46.1,25,,21,19,22,55,29,6.0,38,21,7,4.3,5.5,117,18.4,25,2904:1,,4461:1,3921,29,32,13,34,36,,83,Y,1,,73,11,7,75.1,482,116,,13,18,12,256,,29,14,1275:1,21.5,16.8,100.0
"Jackson, TEXAS",15142,61953,20,81,44,12.6,3.5,55.9,17,,20,18,42,52,28,7.4,37,17,8,4,5.3,73,19.2,17,7561:1,2524:1,3028:1,4607,32,36,12,42,36,,84,Y,1,35,74,10,35,76.5,460,96,,12,18,11,89,,25,13,1165:1,25.4,20.0,60.6
"Jasper, TEXAS",32484,50763,29,87,42,11.5,6.4,62.2,24,6,23,17,38,28,32,6.2,40,24,9,4.6,5.9,109,18.6,21,2748:1,2707:1,1911:1,3380,32,33,12,41,39,,85,Y,0.65,32,80,9,17,72.0,639,70,,14,20,13,152,17,23,11,1299:1,23.2,21.1,77.9
"Jeff Davis, TEXAS",1903,58285,37,86,92,35.9,3.4,,,,22,13,,44,30,6.7,40,18,10,4.3,5.6,,,,1949:1,1903:0,476:1,2091,33,23,12,37,35,,75,Y,1,,89,11,0,80.1,417,,,14,18,13,,,25,22,1903:1,4.9,42.5,100.0
"Jefferson, TEXAS",250830,55065,24,85,54,11.1,6.2,48,14,12,22,16,33,65,32,6.5,39,19,11,4.2,5.3,82,11,15,2097:1,1539:1,758:1,3021,38,39,14,22,40,12,87,Y,0.1,29,62,14,114,74.0,553,70,8,13,18,14,597,22,28,12,671:1,24.4,15.6,9.8
"Jim Hogg, TEXAS",4763,43782,42,79,30,0.0,5.4,51.4,,,31,15,47,,39,4.6,43,18,12,4.8,5.2,55,,,4801:1,4763:1,,3704,24,30,20,27,36,,67,Y,1,,64,13,,72.9,555,,,16,18,18,157,,27,10,,28.8,17.6,100.0
"Jim Wells, TEXAS",38826,48252,36,78,47,5.1,5.7,35.6,19,7,26,16,40,48,35,6.0,42,17,10,4.4,5.1,71,8.4,13,3237:1,2987:1,971:1,2358,29,35,16,39,36,18,69,Y,0.3,37,68,13,40,72.2,653,52,5,14,17,15,105,11,27,12,882:1,27.1,16.1,50.1
"Johnson, TEXAS",195506,76747,13,86,55,6.9,3.5,75.4,16,3,17,19,24,75,26,7.7,36,17,7,3.8,5.1,66,21.4,26,2464:1,2475:1,1098:1,3569,39,41,13,58,35,17,90,Y,0.28,40,74,10,46,75.6,444,52,6,12,17,10,201,12,22,13,1377:1,25.5,14.1,46.5
"Jones, TEXAS",19935,51894,23,81,38,11.1,4.3,66.5,27,,22,19,31,33,30,6.8,39,20,7,4.2,5.2,90,16.5,28,9937:1,9968:1,19935:1,3646,34,28,11,35,37,21,83,Y,1,36,82,11,9,74.6,521,,,13,17,13,246,,24,9,1994:1,17.1,15.7,100.0
"Karnes, TEXAS",14836,61860,25,76,39,12.2,3.3,49,,,25,19,34,37,33,7.4,40,19,8,4.4,5.3,57,12.7,20,3689:1,1648:1,7418:1,2571,30,40,14,25,36,,77,Y,0.29,22,68,10,37,74.9,478,67,,14,17,14,616,,24,11,2119:1,20.5,14.0,100.0
"Kaufman, TEXAS",172366,92814,12,86,62,6.1,3.7,68.3,16,6,18,20,22,66,27,8.2,37,16,8,3.7,4.9,72,13.1,21,4781:1,2612:1,1008:1,2964,39,47,14,59,36,5,88,Y,0.38,38,77,12,39,74.8,476,62,5,11,17,11,301,13,22,13,2004:1,28.4,10.7,41.9
"Kendall, TEXAS",48973,120238,9,92,78,8.5,3.1,55.6,16,,13,20,9,79,19,8.7,32,11,7,3.1,4.8,55,11.6,19,1170:1,1224:1,426:1,1250,49,45,14,49,31,,92,Y,0.37,36,76,12,36,80.7,253,38,,9,15,8,154,,17,13,700:1,22.2,20.0,56.8
"Kenedy, TEXAS",358,43274,15,33,12,0.0,6.1,,,,27,16,,1,36,4.2,43,18,,4.6,5.3,,,,340:0,358:0,358:0,,,50,12,27,,,53,Y,1,,16,,17,,,,,15,18,16,,,47,42,358:0,17.0,22.3,100.0
"Kent, TEXAS",740,58118,16,88,81,0.0,2.1,192.9,,,15,18,,72,22,5.1,34,14,,3.4,4.9,,,,749:0,740:0,740:0,2290,11,17,5,14,33,,93,Y,1,,81,10,0,,,,,10,16,9,0,,10,9,740:0,23.4,25.0,100.0
"Kerr, TEXAS",53741,59619,19,90,57,14.5,3.6,65.8,24,5,17,17,24,65,25,7.4,35,15,9,3.7,5.1,93,14.1,22,1236:1,1378:1,297:1,1667,48,45,12,25,34,,89,Y,0.31,34,71,11,46,76.3,440,81,7,11,17,10,132,16,25,15,790:1,18.7,28.3,39.5
"Kimble, TEXAS",4422,51851,32,85,62,20.6,3.4,46.8,,,19,15,43,64,27,7.0,37,17,10,3.9,5.4,87,18,22,1091:1,1474:1,2211:1,1020,26,24,11,15,35,,80,Y,1,,79,8,10,76.9,457,,,12,18,11,,,28,16,884:1,18.7,29.8,100.0
"King, TEXAS",233,87856,10,79,61,0.0,0.9,,,,25,16,,,32,4.3,40,23,,4.7,5.9,,,,258:0,233:0,233:0,,,,4,20,38,,100,Y,1,,40,19,2,,,,,15,20,13,0,,28,24,233:0,26.6,21.0,100.0
"Kinney, TEXAS",3128,52609,28,85,49,0.0,4.7,,,,24,16,31,95,32,4.1,41,17,8,4.3,5,72,,,,3128:0,,3101,24,20,2,6,35,,67,Y,1,39,75,,8,77.5,459,,,14,17,14,333,,17,9,1564:1,17.8,24.6,100.0
"Kleberg, TEXAS",30362,51342,30,82,60,6.9,4.8,70.9,8,6,24,18,28,68,33,5.1,40,16,8,4.2,5,55,18.4,25,2357:1,1687:1,1598:1,3993,31,36,22,25,36,,82,Y,0.18,41,54,21,69,73.3,587,45,,14,17,15,118,,25,11,2024:1,23.6,13.6,19.6
"Knox, TEXAS",3273,47207,27,82,56,17.9,3.9,,,,22,16,28,78,30,7.5,39,19,8,4.2,5.5,94,,,3351:1,3273:0,,4299,22,17,6,16,35,,83,Y,1,,78,7,3,71.7,643,,,13,18,12,,,30,17,546:1,26.8,19.7,100.0
"La Salle, TEXAS",6604,40555,36,62,12,6.0,2.8,70.8,,,28,19,50,,37,6.6,41,17,10,4.5,4.9,54,33,47,,,1321:1,3708,22,26,17,34,36,,73,Y,0.38,33,79,9,20,75.0,560,,,14,16,16,313,,26,10,550:1,19.2,13.8,100.0
"Lamar, TEXAS",50484,62620,23,88,59,13.4,4.3,58.7,21,5,20,17,35,62,27,5.9,38,20,8,4.1,5.7,81,18.1,22,2277:1,2019:1,801:1,4281,43,44,17,15,37,,77,Y,1,30,67,14,45,72.5,623,67,7,13,19,11,183,14,25,12,777:1,23.9,19.2,47.5
"Lamb, TEXAS",12724,53008,26,77,41,15.5,4.0,44.2,15,,26,16,41,49,34,6.6,40,19,8,4.6,5.5,86,,11,4299:1,6362:1,2545:1,1523,33,28,13,24,36,,78,Y,0.4,15,73,7,22,73.1,581,83,,15,18,14,239,,31,16,1591:1,27.2,17.1,56.9
"Lampasas, TEXAS",22785,67917,19,90,56,13.0,3.7,68.9,16,,17,18,21,72,25,7.4,39,17,7,3.9,5.5,68,17.7,37,2225:1,7595:1,1266:1,2282,39,22,13,39,35,,87,Y,1,39,81,12,31,75.9,452,,,12,18,10,121,15,22,12,2071:1,21.2,20.6,66.1
"Lavaca, TEXAS",20589,58400,17,85,51,13.1,3.3,41.8,9,,18,17,25,50,26,7.8,37,18,7,3.9,5.5,69,20,,1712:1,4118:1,3432:1,3341,41,41,10,30,35,,80,Y,0.12,15,76,8,10,77.7,378,,,12,18,11,169,,22,13,1373:1,23.5,23.7,82.4
"Lee, TEXAS",17954,65911,18,86,45,10.2,3.5,57.4,14,,20,17,26,52,28,7.6,38,19,8,4.1,5.6,97,10.3,15,4427:1,4489:1,2244:1,3073,37,47,17,46,36,,81,Y,0.45,21,78,14,36,76.4,416,78,,13,18,12,145,,26,14,4489:1,20.8,20.3,100.0
"Leon, TEXAS",16209,56749,22,85,48,16.9,5.2,48.8,25,,21,16,30,3,28,6.3,38,20,8,4.2,5.8,94,10.3,14,,4052:1,4052:1,3043,35,37,10,44,36,,78,Y,1,18,78,7,16,75.4,502,,,13,19,11,224,,26,15,3242:1,22.6,24.6,100.0
"Liberty, TEXAS",101992,61880,28,78,40,7.3,5.8,56.8,17,8,23,19,37,46,31,7.1,41,20,9,4.4,5.7,98,14.9,25,4649:1,3517:1,3643:1,4841,25,32,15,66,37,13,88,Y,0.48,34,81,11,23,72.9,601,65,6,14,19,13,312,21,29,13,2318:1,29.5,12.2,77.4
"Limestone, TEXAS",22253,51357,26,85,48,10.4,4.6,38.3,20,,22,17,39,54,30,6.6,40,20,10,4.3,5.5,79,13.8,22,2458:1,2782:1,1854:1,3829,37,35,16,38,37,,70,Y,0.57,34,75,11,19,73.1,585,75,,14,19,13,241,,26,14,1113:1,22.1,21.3,69.9
"Lipscomb, TEXAS",2854,70236,18,85,54,34.1,3.1,,,,18,18,22,,25,4.9,37,15,5,3.7,5.1,81,,,,2854:0,,3015,34,28,9,21,34,,87,Y,1,,78,8,2,78.2,380,,,11,16,11,0,,31,25,2854:1,23.9,21.0,100.0
"Live Oak, TEXAS",11428,58576,27,75,43,9.7,4.2,71.6,21,,24,16,30,19,32,7.1,40,20,7,4.5,5.4,61,20.2,26,,3809:1,5714:1,1853,31,30,11,38,37,,69,Y,1,35,75,9,28,77.6,456,,,14,18,14,144,,27,16,2286:1,19.1,21.2,100.0
"Llano, TEXAS",22540,59528,23,92,48,10.5,3.8,45,27,,16,15,34,79,23,6.5,35,16,9,3.7,5.2,116,13.3,14,1465:1,1878:1,1503:1,1984,40,36,16,41,34,,87,Y,0.82,25,79,11,1,77.1,456,,,11,17,9,168,,25,16,1610:1,15.0,37.2,50.2
"Loving, TEXAS",51,94716,7,97,100,0.0,0.6,,,,14,25,,,19,6.5,32,15,,3,4.3,,,,57:0,51:0,51:0,,,,7,28,34,,88,Y,1,,30,,0,,,,,9,14,8,,,3,11,51:0,27.5,9.8,100.0
"Lubbock, TEXAS",317561,59138,18,88,67,8.9,3.4,70.8,18,7,19,20,26,86,28,7.0,40,16,9,3.9,5.3,83,17.3,21,1268:1,1645:1,487:1,2203,38,43,19,10,34,4,86,Y,0.09,39,56,18,138,74.0,542,60,5,12,18,12,215,13,21,9,571:1,23.4,13.2,10.5
"Lynn, TEXAS",5724,56754,21,81,64,12.3,3.5,46.6,,,23,17,37,44,31,6.1,40,19,10,4.3,5.3,109,,,948:1,5724:1,1908:1,4524,36,28,13,38,35,,83,Y,1,41,72,12,11,72.3,658,,,14,18,13,109,,25,16,1908:1,27.4,15.8,100.0
"Madison, TEXAS",13661,53906,21,79,44,10.2,4.3,33,14,,22,19,42,24,29,6.5,39,20,8,4.2,5.4,83,13.6,29,4573:1,4554:1,4554:1,3413,26,37,15,37,37,,79,Y,1,33,71,10,19,74.2,521,96,,13,18,12,422,,29,13,2277:1,22.1,15.5,100.0
"Marion, TEXAS",9560,47720,32,87,48,8.3,5.0,47.5,23,,22,15,28,51,29,7.0,40,22,10,4.4,5.8,113,23.8,24,,9560:1,9560:1,3473,28,33,12,57,38,30,76,Y,0.19,44,78,8,12,72.3,671,,,14,20,12,331,,24,12,3187:1,17.7,27.5,100.0
"Martin, TEXAS",5217,73315,18,84,45,15.4,3.1,49.9,,,20,20,35,4,28,7.5,36,16,9,3.9,5.2,110,12.4,12,5211:1,5217:1,,3312,29,25,14,25,34,,75,Y,1,30,61,7,20,73.0,574,,,12,17,11,,,26,21,1304:1,32.4,11.5,100.0
"Mason, TEXAS",3982,59129,21,85,80,20.3,3.3,,,,15,17,12,72,22,8.1,34,14,4,3.4,4.9,52,,,,3982:1,1991:1,1000,42,37,10,35,33,,89,Y,0.49,,80,9,0,80.5,310,,,10,16,9,,,31,22,1327:1,19.3,30.6,100.0
"Matagorda, TEXAS",36125,58380,27,81,56,11.8,5.9,65.7,13,9,23,17,42,72,31,5.7,41,18,9,4.3,5.4,91,17.3,24,2796:1,2779:1,1806:1,4347,30,34,18,32,36,,75,Y,1,35,69,16,36,74.1,542,78,,14,18,13,285,,28,13,1246:1,26.0,17.9,46.7
"Maverick, TEXAS",57843,43407,31,65,52,2.6,7.9,28.6,6,3,31,17,46,60,40,4.8,43,17,8,4.7,5.1,37,8.2,13,4147:1,4449:1,2892:1,2803,18,23,25,20,31,,74,Y,1,23,68,14,78,73.8,548,61,7,16,17,18,209,,36,12,2142:1,30.7,11.7,6.6
"McCulloch, TEXAS",7497,45915,30,80,52,14.6,4.2,63.1,38,,21,16,34,81,29,5.3,38,19,8,4.2,5.6,99,26.6,27,2511:1,3749:1,2499:1,2694,32,29,12,17,35,,87,Y,1,30,70,10,31,72.3,601,,,13,18,12,171,,28,15,1250:1,20.8,24.5,36.0
"McLennan, TEXAS",266836,63160,19,87,63,11.0,3.6,63.5,15,6,20,17,24,68,28,6.0,39,17,9,4.1,5.6,67,16,19,1303:1,1803:1,500:1,2842,48,46,18,18,38,7,85,Y,0.42,32,60,16,102,75.8,470,58,6,13,18,12,238,12,23,11,1063:1,23.8,15.2,24.0
"McMullen, TEXAS",576,67525,19,89,45,0.0,1.8,,,,23,15,,15,32,6.1,41,19,,4.2,5.3,,,,608:0,576:0,576:1,3974,22,22,15,38,35,,76,Y,0.33,,86,15,0,,,,,13,18,14,0,,22,19,576:1,21.9,23.4,100.0
"Medina, TEXAS",53723,70313,17,86,53,6.5,3.8,59.8,14,4,19,18,24,65,27,7.7,38,14,8,3.7,4.7,59,14.7,19,3465:1,4477:1,1919:1,2166,35,34,13,51,33,,85,Y,0.83,35,82,9,25,76.6,440,54,7,11,16,12,158,7,22,12,4884:1,22.6,17.2,84.3
"Menard, TEXAS",1968,44145,35,78,63,15.1,3.8,,,,20,15,,78,27,6.3,38,16,10,3.9,5.2,,,,1982:1,1968:1,,1547,33,29,15,24,34,,74,Y,1,,75,15,0,76.9,417,,,12,17,11,,,33,22,1968:0,20.0,31.1,100.0
"Midland, TEXAS",171999,81187,14,84,63,9.8,2.9,51.8,18,5,18,21,36,91,27,7.8,36,14,8,3.5,4.7,65,15.7,16,2625:1,1623:1,989:1,2587,38,39,17,21,36,7,88,Y,0.14,26,67,13,104,76.5,441,54,5,11,16,11,174,11,22,12,726:1,29.2,10.4,13.7
"Milam, TEXAS",25628,54667,25,86,52,11.9,4.3,55,20,,20,17,32,59,29,6.5,38,19,7,4.1,5.4,103,15.3,26,25106:1,6407:1,4271:1,4101,32,37,14,44,37,,80,Y,1,15,76,11,37,75.2,514,65,,13,18,12,212,,24,13,1165:1,22.8,21.2,57.1
"Mills, TEXAS",4500,58068,23,88,45,17.9,4.2,78.7,,,17,17,18,49,25,7.4,36,17,4,3.8,5.4,108,,30,4480:1,2250:1,750:1,1936,37,17,10,26,34,,84,Y,1,30,85,7,14,75.9,464,,,12,17,10,0,,31,19,1500:1,19.9,28.2,100.0
"Mitchell, TEXAS",8943,48378,23,84,42,8.8,4.4,39.1,,,23,19,36,61,31,7.3,39,19,8,4.2,5.2,85,,,1814:1,8943:1,,2547,18,25,12,43,36,,77,Y,1,14,71,6,19,73.9,529,,,13,17,13,66,,21,10,2236:1,20.0,14.7,35.1
"Montague, TEXAS",21063,57076,18,88,51,14.2,3.6,74.9,26,,18,18,25,34,25,7.2,36,19,9,4.1,5.7,123,23,15,4082:1,3511:1,4213:1,3105,32,30,12,47,35,,79,Y,0.45,40,80,11,19,71.3,674,76,,12,18,10,81,28,25,13,3009:1,22.4,22.0,72.9
"Montgomery, TEXAS",678490,95241,11,90,68,5.7,3.9,65.5,17,4,15,19,17,87,22,7.5,34,14,7,3.3,4.8,65,15.9,22,1583:1,1967:1,873:1,3083,39,46,14,50,34,5,93,Y,0.13,34,73,11,76,78.4,346,46,5,10,16,10,195,18,21,10,1168:1,25.6,13.9,22.9
"Moore, TEXAS",20996,66583,14,68,41,12.8,2.6,34.4,15,,24,18,57,72,32,7.7,38,18,7,4.2,5.2,81,9.3,9,3017:1,2999:1,3499:1,3143,35,34,14,16,36,,84,Y,0.42,36,65,11,47,75.3,479,45,,13,17,13,122,,37,21,2999:1,30.8,12.0,31.5
"Morris, TEXAS",12083,49847,28,88,49,16.6,6.3,54.5,16,,20,17,35,5,28,7.1,40,20,10,4.1,5.6,83,13,26,4010:1,2417:1,3021:1,2729,28,38,15,42,39,,84,Y,1,18,74,9,18,72.7,597,,,13,19,12,208,,22,10,2417:1,23.1,22.1,100.0
"Motley, TEXAS",1032,46320,32,86,66,0.0,4.1,,,,17,17,,25,25,7.6,36,17,,3.8,5.3,,,,1067:0,1032:0,,989,33,33,8,27,34,,77,Y,1,,76,4,,,572,,,12,17,10,,,20,12,1032:1,20.1,30.4,100.0
"Nacogdoches, TEXAS",64862,51708,29,85,60,9.1,4.3,62,20,6,21,18,20,56,29,6.3,42,20,8,4.2,5.7,86,16.3,13,1406:1,1707:1,721:1,3507,34,46,21,21,39,,84,Y,0.19,31,59,16,51,74.2,530,55,4,13,19,12,219,12,27,12,901:1,23.1,15.9,47.8
"Navarro, TEXAS",54636,50822,34,80,55,8.0,3.9,47.2,20,7,22,17,42,53,29,7.0,39,19,8,4.2,5.5,83,18.2,19,3573:1,2732:1,1401:1,3592,36,41,17,30,37,12,81,Y,0.43,31,68,13,44,73.8,544,86,8,13,18,13,219,10,30,12,2024:1,26.3,16.7,53.7
"Newton, TEXAS",12052,47804,29,82,42,10.6,6.8,53.2,23,,24,16,33,2,32,5.4,42,25,10,4.7,6.2,103,,16,12241:1,,4017:1,3035,34,29,15,58,39,34,88,Y,0.59,27,81,7,3,73.4,621,,,15,21,13,122,,26,12,6026:1,19.5,23.6,100.0
"Nolan, TEXAS",14473,50579,25,84,54,13.0,3.7,58.1,20,,23,17,49,60,32,6.7,39,20,8,4.5,5.6,83,12.6,22,2085:1,1809:1,1447:1,3637,30,31,16,20,36,20,77,Y,0.18,35,65,11,31,73.3,593,,,14,19,13,159,25,26,14,1113:1,25.5,18.4,29.6
"Nueces, TEXAS",351674,60250,25,84,59,6.4,4.7,59,16,8,22,20,28,92,30,6.5,41,15,9,4,5.5,76,15.5,23,1266:1,1715:1,648:1,2473,42,41,18,17,37,14,86,Y,0.06,35,59,15,159,75.5,505,50,5,12,17,13,224,22,26,10,728:1,23.8,15.8,6.3
"Ochiltree, TEXAS",9606,69383,16,76,42,16.4,3.4,17.6,24,,22,19,31,83,30,8.0,39,17,7,4.1,5.2,81,,,2446:1,2402:1,4803:1,3449,28,28,17,17,35,,87,Y,1,35,70,9,27,75.1,438,,,13,17,12,,,37,22,1601:1,30.0,12.9,16.2
"Oldham, TEXAS",1752,66411,28,83,59,23.3,3.0,,,,18,19,,0,25,5.0,37,17,,3.8,5.4,,,,1717:0,1752:0,438:1,3623,35,40,4,49,34,,87,Y,1,,72,11,18,77.2,370,,,12,18,10,0,,16,12,1752:0,20.7,16.9,100.0
"Orange, TEXAS",84934,63901,19,89,58,9.6,5.7,64.8,19,8,18,19,33,51,26,6.5,38,19,9,4,6.1,98,17.6,23,6053:1,3033:1,2831:1,2902,35,38,11,34,37,14,91,Y,0.15,36,75,9,62,72.6,618,62,7,12,19,11,223,28,19,8,2235:1,25.2,16.1,36.1
"Palo Pinto, TEXAS",29239,56809,24,88,48,11.5,3.8,78.7,21,,19,18,39,57,27,5.1,39,19,7,4,5.5,97,31.1,24,2049:1,2924:1,4177:1,4447,33,44,14,42,35,26,85,Y,0.31,36,72,14,24,74.0,557,58,,13,18,11,104,21,26,11,1329:1,23.1,20.3,50.4
"Panola, TEXAS",22677,59772,19,84,62,11.0,4.6,66.8,23,8,19,18,28,43,27,6.8,41,19,9,4.1,5.7,104,19.9,18,4535:1,3780:1,5669:1,3342,35,33,10,39,37,,82,Y,0.56,34,81,8,14,72.1,607,76,,13,19,11,199,,23,11,1744:1,23.0,20.4,71.9
"Parker, TEXAS",165834,95277,10,90,66,8.7,3.3,71.8,18,3,15,20,17,54,23,7.9,37,16,6,3.6,5.2,72,21.2,23,2613:1,2909:1,1564:1,2298,42,41,13,54,33,8,91,Y,0.4,40,82,10,36,77.2,388,37,4,11,17,9,120,14,20,11,1822:1,24.5,16.0,64.3
"Parmer, TEXAS",9620,57786,19,71,47,12.2,2.4,28.9,,,23,17,42,17,32,7.8,39,16,8,4.2,5,78,,,9813:1,9620:1,9620:1,3280,36,26,14,20,35,,85,Y,1,26,71,5,36,76.0,402,109,,13,17,13,76,,32,22,1203:1,27.6,14.9,100.0
"Pecos, TEXAS",14735,54003,24,76,39,7.3,4.0,23.7,24,,26,18,43,74,35,5.5,41,18,9,4.4,5.2,78,14.6,,2160:1,3684:1,3684:1,2550,19,18,14,16,37,,75,Y,0.13,9,71,12,31,73.8,499,83,,14,17,15,153,,30,15,1340:1,24.8,13.3,43.7
"Polk, TEXAS",53255,58894,31,81,41,8.7,5.5,61.6,26,12,21,18,41,29,29,6.6,42,21,8,4.2,5.7,124,17.8,22,2076:1,2421:1,1614:1,1674,38,42,15,35,38,17,82,Y,0.67,34,78,12,25,70.8,600,82,8,13,19,12,447,20,23,12,1836:1,20.2,18.8,88.8
"Potter, TEXAS",115645,51028,28,77,47,11.0,3.2,54.6,25,11,25,17,44,84,33,6.3,40,20,10,4.6,5.8,106,11.5,21,1143:1,1629:1,385:1,2776,40,44,20,15,37,12,83,Y,0.14,38,56,17,140,71.1,671,71,8,14,19,14,329,23,30,13,393:1,26.5,14.1,11.3
"Presidio, TEXAS",5939,43666,38,62,48,9.8,6.2,,,,36,12,66,93,43,3.8,44,22,7,5.4,5.7,60,,,2047:1,,1188:1,1351,25,21,14,2,38,,70,Y,1,40,74,17,9,83.1,371,,,19,20,20,143,,46,25,2970:1,27.0,23.3,100.0
"Rains, TEXAS",12823,45419,21,87,50,9.6,3.4,40.7,19,,17,18,26,49,25,,36,18,7,3.9,5.5,91,20.3,14,12509:1,6412:1,1832:1,2845,37,34,14,53,35,,86,Y,1,38,80,8,14,75.8,497,,,12,18,10,130,,27,17,4274:1,19.8,25.1,100.0
"Randall, TEXAS",146140,77066,8,94,73,7.8,2.8,75.4,20,3,15,21,19,91,22,8.2,40,14,8,3.6,5.1,71,17.7,26,1821:1,1642:1,781:1,2319,43,45,12,17,34,6,91,Y,0.15,41,69,11,130,77.1,391,59,7,10,16,10,130,13,18,10,1341:1,23.7,15.7,17.0
"Reagan, TEXAS",3135,83195,15,88,34,15.4,3.5,,,,20,19,60,92,29,8.4,40,14,8,3.7,4.7,92,,,3253:1,3135:0,,3793,25,27,15,31,36,,84,Y,1,,67,12,,76.0,438,,,12,15,13,,,26,15,1045:1,28.6,11.5,100.0
"Real, TEXAS",2840,49467,36,89,26,21.2,4.6,98.7,,,23,14,44,0,31,1.3,40,20,7,4.5,5.7,90,,,1413:1,1420:1,2840:1,3457,39,31,16,3,36,,74,Y,1,,74,12,,73.2,583,,,14,19,13,,,28,16,947:1,17.8,29.6,100.0
"Red River, TEXAS",11542,47081,27,85,55,12.1,5.1,39.8,26,,21,16,35,32,29,4.6,39,22,8,4.3,5.9,108,21,10,3852:1,3847:1,2308:1,3354,39,40,15,42,37,,68,Y,1,15,75,13,14,69.6,765,165,,14,20,12,182,,21,10,2308:1,20.4,25.0,100.0
"Reeves, TEXAS",12905,53969,28,71,46,4.1,3.4,24,,,28,18,66,81,37,7.4,43,19,8,4.5,5,75,12,15,2897:1,6453:1,,2933,21,25,13,20,37,,71,Y,0.09,43,75,12,75,74.7,526,84,,15,17,16,1000,,28,13,2581:1,24.6,12.4,11.3
"Refugio, TEXAS",6632,50936,28,84,35,5.9,4.7,66.5,,,23,16,26,13,32,6.6,41,18,7,4.3,5.4,80,18.5,26,6756:1,3316:1,,4325,32,24,12,41,36,,76,Y,1,30,76,15,54,74.1,485,,,14,18,13,,,23,12,1326:1,22.2,21.9,100.0
"Roberts, TEXAS",803,70814,13,92,62,0.0,3.8,,,,15,19,,1,22,5.9,35,16,,3.5,5.2,,,,797:0,803:0,803:0,,44,30,4,22,33,,72,Y,1,,87,1,9,,,,,11,17,9,0,,17,13,803:1,22.9,23.2,100.0
"Robertson, TEXAS",17153,57796,27,85,44,10.0,3.8,44.9,19,10,21,16,34,58,29,6.8,40,19,9,4.1,5.5,86,8,13,8479:1,17153:1,5718:1,3548,38,41,14,39,38,,80,Y,0.69,26,75,12,41,74.9,525,,,13,18,12,170,,23,12,1906:1,23.9,20.9,100.0
"Rockwall, TEXAS",123208,124291,6,94,79,7.7,3.3,66.4,14,2,13,21,8,83,19,8.8,32,12,7,3,4.6,47,17.1,26,1511:1,1433:1,622:1,2398,40,48,10,58,32,8,97,N,0,39,83,9,63,79.6,280,36,4,9,15,8,168,10,15,9,948:1,26.2,12.6,13.7
"Runnels, TEXAS",9859,52729,24,83,51,18.1,3.3,29.5,,,20,17,27,69,29,6.3,38,18,10,4.1,5.4,88,14.7,,1420:1,4930:1,1972:1,4613,39,32,13,34,35,,82,Y,1,,77,7,17,73.2,583,,,13,18,12,145,,25,14,822:1,23.4,20.4,100.0
"Rusk, TEXAS",53333,55085,22,84,53,12.1,4.2,55.3,16,6,20,19,29,47,28,7.0,38,19,8,4,5.5,87,18.4,18,4395:1,2963:1,2963:1,3729,35,42,12,40,36,15,73,Y,0.47,27,79,9,18,74.7,513,68,,12,18,11,422,9,25,11,2051:1,22.3,17.4,64.1
"Sabine, TEXAS",10048,50564,27,87,51,13.9,7.0,64.2,20,,20,15,47,75,27,6.0,38,21,9,4.3,6,129,17.5,15,5020:1,3349:1,3349:1,2716,28,34,15,37,37,,85,Y,1,23,85,12,2,71.2,669,,,13,20,11,159,,24,13,718:1,17.6,30.7,100.0
"San Augustine, TEXAS",7857,49591,32,82,31,7.6,5.8,24,,,25,14,45,42,33,5.1,41,24,8,4.7,6.1,112,16,,3961:1,1964:1,3929:1,2492,33,41,11,38,38,,77,Y,0.67,,73,13,6,71.8,706,,,15,21,14,206,,29,14,1571:1,19.9,26.7,100.0
"San Jacinto, TEXAS",28348,57855,27,86,45,2.9,4.8,48.4,22,8,21,16,33,68,29,6.9,38,21,10,4.2,5.7,96,16.4,14,13939:1,28348:1,5670:1,3960,34,37,17,59,38,,81,Y,1,28,83,12,11,74.0,611,49,,13,19,12,181,19,27,14,9449:1,20.9,23.2,100.0
"San Patricio, TEXAS",69954,62919,24,82,51,7.6,6.0,52.1,14,6,22,19,33,66,32,6.2,42,17,9,4.2,5.5,64,13.4,22,4356:1,2498:1,2120:1,2269,39,39,17,32,35,16,80,Y,0.4,35,68,12,53,74.0,571,47,5,13,17,13,125,10,25,11,1372:1,25.9,15.1,27.8
"San Saba, TEXAS",5824,51350,28,86,44,13.7,3.5,42.4,,,22,18,34,51,30,6.5,38,20,6,4.3,5.5,60,,,2914:1,5824:1,2912:1,2147,26,24,12,31,36,,86,Y,1,25,76,9,25,76.4,477,,,13,18,12,200,,32,16,1941:1,19.0,22.7,100.0
"Schleicher, TEXAS",2357,54168,23,82,53,16.5,3.5,27,,,20,18,18,81,28,8.3,38,15,9,3.8,5.1,79,,,,2357:0,1179:1,2459,35,29,9,34,35,,67,Y,1,43,84,8,20,77.7,360,,,12,16,12,,,32,25,2357:1,23.1,22.3,100.0
"Scurry, TEXAS",16686,60387,21,84,55,10.7,4.1,41.4,17,,22,18,43,75,30,7.7,38,18,8,4.2,5.3,86,14.8,31,1682:1,1854:1,3337:1,2992,23,27,12,15,35,,84,Y,0.08,40,81,6,27,74.1,552,,,13,17,13,108,,26,15,1669:1,25.3,15.2,31.8
"Shackelford, TEXAS",3186,64690,20,94,69,31.1,2.7,55.1,,,15,18,24,78,22,7.6,34,15,8,3.5,5.2,79,,39,3212:1,3186:0,1593:1,3666,40,42,8,23,33,,86,Y,1,,81,5,0,79.0,289,,,11,17,9,,,27,18,1062:1,23.2,20.7,100.0
"Shelby, TEXAS",24008,51551,27,82,47,10.9,4.2,34.1,15,10,24,16,37,39,32,6.6,41,22,8,4.5,5.9,101,14,16,5985:1,3430:1,1334:1,3866,28,38,16,32,38,,78,Y,0.59,26,75,10,16,72.2,615,92,,14,20,13,235,,32,16,960:1,25.8,18.2,78.7
"Sherman, TEXAS",2799,73395,15,72,44,17.9,2.8,27.8,,,21,18,29,72,28,7.3,37,17,5,4.1,5.2,67,,,,2799:0,,693,32,31,11,27,34,,86,Y,1,,76,13,29,79.3,317,,,13,17,11,,,34,31,2799:1,27.3,15.9,100.0
"Smith, TEXAS",241922,67978,17,88,64,12.4,3.7,67,20,5,18,18,25,70,24,7.3,36,17,8,3.8,5.5,72,17.7,22,1014:1,1551:1,593:1,2923,44,46,15,30,35,10,87,Y,0.17,34,69,12,64,75.9,449,65,7,12,17,11,263,9,25,12,575:1,24.0,17.4,34.9
"Somervell, TEXAS",9757,75568,13,93,64,9.5,3.8,53.6,21,,16,19,13,79,23,8.2,35,16,7,3.6,5.2,96,17.9,,1353:1,2439:1,2439:1,2519,47,46,13,36,35,,88,N,0,33,82,11,18,77.7,362,,,11,17,9,74,,20,13,887:1,21.1,20.0,100.0
"Starr, TEXAS",65728,35758,40,61,47,2.0,11.0,17.7,6,5,35,15,50,48,43,3.3,44,20,10,5.2,5.5,40,6.9,9,3885:1,6573:1,4695:1,4808,21,33,21,24,37,9,67,Y,0.49,25,73,13,60,74.3,524,39,4,18,19,20,83,5,38,12,1289:1,32.2,11.2,28.6
"Stephens, TEXAS",9390,50710,26,83,46,6.5,3.7,60.6,24,,19,18,42,68,27,6.3,37,18,10,4,5.3,105,37.5,46,3058:1,3130:1,1565:1,4222,30,31,14,25,35,,84,Y,1,14,79,12,40,73.7,548,,,12,17,11,206,,28,14,1174:1,20.8,20.4,40.1
"Sterling, TEXAS",1417,75895,17,90,53,21.7,4.0,,,,17,20,,,25,5.4,37,15,11,3.5,5,,,,1381:0,1417:0,,3670,38,40,5,38,35,,89,Y,1,,86,7,45,,,,,11,16,10,0,,23,19,1417:0,29.2,13.8,100.0
"Stonewall, TEXAS",1182,53153,20,81,29,24.7,3.0,,,,19,16,,73,27,7.9,37,18,12,3.9,5.4,180,,,1217:1,1182:0,296:1,3207,27,12,9,21,36,,85,Y,1,,83,5,,,605,,,12,18,11,,,25,19,197:1,20.6,27.1,100.0
"Sutton, TEXAS",3217,68838,22,80,50,18.1,5.7,43.2,,,23,16,30,87,31,7.4,39,16,7,4.1,5.1,71,,,830:1,1609:1,,3439,32,21,17,22,34,,65,Y,1,,64,9,22,76.5,488,,,13,17,13,,,27,16,804:1,24.0,20.1,100.0
"Swisher, TEXAS",6881,52148,27,78,46,14.3,4.0,45.8,37,,28,16,34,50,35,5.7,43,22,8,4.8,5.6,106,,27,7008:1,6881:1,,3360,32,24,13,27,38,,71,Y,1,50,69,15,6,72.8,593,,,16,19,15,120,,34,16,2294:1,23.9,17.0,100.0
"Tarrant, TEXAS",2154595,76285,14,87,65,7.0,3.6,64.1,13,6,18,17,20,94,25,7.5,35,15,9,3.6,5,56,15.9,21,1716:1,1569:1,558:1,3361,44,47,17,41,34,7,92,N,0,35,60,14,156,77.5,381,53,6,11,16,11,367,14,23,12,914:1,25.2,12.3,1.2
"Taylor, TEXAS",145163,61798,20,90,62,12.9,3.3,80.4,21,5,18,19,27,83,25,6.8,35,16,9,3.7,4.8,80,18.9,21,1493:1,1134:1,451:1,3384,40,41,13,9,36,5,89,Y,0.11,37,59,13,81,73.8,565,53,5,12,17,11,221,14,22,11,540:1,24.3,15.0,17.5
"Terrell, TEXAS",693,47969,23,94,68,0.0,3.4,,,,22,14,,,30,4.4,39,16,,4.1,5.2,,,,724:0,693:0,693:0,,10,11,8,8,35,,74,Y,1,,91,14,10,,,,,13,17,13,,,25,21,693:1,18.2,33.5,100.0
"Terry, TEXAS",11567,46998,30,76,49,8.5,4.1,45.2,27,,28,17,52,49,36,4.9,44,21,9,4.8,5.5,82,10.8,24,2939:1,1928:1,11567:1,3699,24,39,22,27,37,,81,N,0,34,66,15,48,71.9,645,75,,16,19,16,244,,34,15,2892:1,28.0,15.1,30.1
"Throckmorton, TEXAS",1550,50997,19,90,59,20.1,3.1,62.5,,,18,17,46,57,26,4.3,37,19,,4,5.6,133,,,1495:1,1550:0,1550:1,3766,25,14,10,25,35,,83,Y,1,,70,8,0,,403,,,12,18,10,,,26,20,775:1,23.2,25.4,100.0
"Titus, TEXAS",31208,58411,22,78,44,10.6,4.3,57,20,6,24,17,32,52,32,6.4,40,19,7,4.4,5.4,74,15.3,20,2399:1,1486:1,1200:1,2711,28,34,20,17,36,15,83,Y,0.32,27,67,12,45,75.0,497,46,,14,18,13,180,,31,18,743:1,28.2,15.0,50.7
"Tom Green, TEXAS",118892,60348,17,87,62,10.9,3.4,70.4,20,5,18,19,26,83,25,7.1,38,15,8,3.7,5.2,68,17.5,19,1389:1,1544:1,489:1,4065,49,50,14,12,35,7,85,Y,0.06,39,67,11,77,75.5,478,48,5,11,17,11,162,10,23,13,843:1,23.9,16.7,16.7
"Travis, TEXAS",1326436,95151,12,91,78,8.8,2.8,74.4,13,4,14,23,19,92,19,7.8,28,11,8,3.1,5,61,14.9,21,1194:1,1313:1,271:1,2272,40,51,18,37,30,4,93,Y,0.07,34,53,16,172,80.6,276,41,4,9,15,9,473,17,17,9,765:1,19.9,11.0,5.1
"Trinity, TEXAS",13996,49629,28,86,50,15.9,5.2,57.1,18,,21,16,34,84,29,6.1,39,21,9,4.4,6.1,104,11.1,17,6914:1,13996:1,2799:1,3353,29,37,10,57,36,,81,Y,1,41,76,8,0,73.2,612,,,14,20,12,310,,23,12,1555:1,19.7,26.6,100.0
"Tyler, TEXAS",20030,50722,25,83,34,12.5,6.0,51.2,25,,21,17,39,49,29,5.1,40,22,8,4.4,5.7,108,8.7,21,4015:1,10015:1,3338:1,2820,27,29,14,44,38,,82,Y,0.5,31,81,9,10,72.4,635,94,,14,19,12,466,21,26,12,1669:1,19.5,23.0,100.0
"Upshur, TEXAS",42488,59690,21,87,55,7.2,4.3,71.9,18,9,20,18,30,33,27,7.0,36,20,8,4.2,5.8,87,28.8,24,4642:1,7081:1,2499:1,4322,32,37,14,48,37,,87,Y,0.9,40,78,11,16,74.4,535,65,7,13,19,11,155,11,23,11,4721:1,23.5,18.8,80.7
"Upton, TEXAS",3152,61607,23,79,38,0.0,2.7,52.9,,,23,18,41,92,31,7.3,40,18,11,4.2,5.3,95,,45,,3152:0,,3531,27,14,7,42,36,,71,Y,1,45,77,10,3,76.1,504,,,13,17,13,0,,25,16,1051:1,27.3,16.4,100.0
"Uvalde, TEXAS",24940,48427,39,76,54,10.9,4.4,80.1,15,,25,17,41,62,33,4.9,40,17,8,4.4,5.2,71,19.8,23,3091:1,2771:1,1247:1,2675,26,26,12,12,35,,79,Y,0.11,43,68,10,48,73.5,574,54,,14,17,14,151,,29,13,924:1,26.4,16.4,35.2
"Val Verde, TEXAS",47606,52593,30,74,57,6.9,4.5,27.8,10,3,27,17,47,69,36,5.5,41,17,7,4.5,5.2,54,8.4,10,2973:1,3400:1,1587:1,2704,22,26,21,11,35,11,71,Y,0.11,27,66,11,52,75.2,502,30,,14,17,16,125,,30,13,1360:1,28.1,13.4,10.3
"Van Zandt, TEXAS",62859,57706,17,86,55,9.6,3.5,64.7,19,6,18,18,24,49,25,6.8,36,19,7,4,5.5,94,16.8,24,12255:1,4835:1,2418:1,3538,38,34,12,56,34,8,81,Y,0.72,35,80,10,13,74.2,518,75,6,12,18,10,120,14,24,13,2619:1,22.8,20.3,100.0
"Victoria, TEXAS",91065,67905,20,84,57,8.9,4.2,58,18,5,21,18,32,72,30,6.7,41,17,8,4.1,5.7,64,13.7,22,1378:1,1686:1,576:1,3515,39,48,14,23,35,10,76,Y,0.22,34,67,12,97,75.7,486,40,5,13,18,12,186,9,25,11,843:1,24.9,17.0,27.7
"Walker, TEXAS",78870,53301,21,85,45,6.2,4.7,60.4,12,4,22,19,13,74,29,7.1,39,20,8,4.2,5.4,54,12.7,20,3713:1,2629:1,1610:1,4161,33,41,21,37,37,15,84,Y,0.33,33,55,18,49,77.1,409,56,5,13,18,13,994,9,23,9,1753:1,14.4,14.4,43.2
"Waller, TEXAS",61894,75223,18,87,56,4.0,4.3,50.6,17,4,18,19,13,29,26,7.4,38,16,8,3.7,5.1,71,14.7,11,8540:1,6877:1,3439:1,4189,32,42,14,53,36,5,83,Y,0.17,27,69,11,23,76.9,428,42,7,11,17,11,161,11,27,15,8842:1,23.3,11.9,77.4
"Ward, TEXAS",10964,60775,20,80,47,6.3,3.7,55,,,23,18,41,86,32,7.9,40,18,9,4.3,5.3,92,,22,11194:1,,5482:1,2240,22,22,14,30,35,,77,Y,1,59,80,7,47,74.3,555,67,,14,18,13,159,,27,16,1096:1,28.9,13.4,21.3
"Washington, TEXAS",36159,66911,19,90,58,15.0,4.0,41.2,8,,17,17,15,57,24,7.6,37,16,8,3.7,5.4,66,8.2,15,1631:1,2009:1,1247:1,2704,42,36,15,21,35,,81,Y,0.34,25,73,12,43,77.5,387,78,,11,17,10,190,12,22,15,1339:1,21.1,23.5,51.4
"Webb, TEXAS",267780,56289,27,69,54,3.6,4.1,28.6,7,4,28,17,44,92,36,6.4,44,16,8,4.7,5.1,42,6.9,11,3268:1,3114:1,1913:1,3159,27,36,24,23,37,9,81,Y,0.05,28,63,16,155,76.8,421,46,5,15,17,17,260,13,39,12,1306:1,31.0,10.2,5.9
"Wharton, TEXAS",41824,57487,21,81,53,14.4,3.8,50.8,14,5,22,17,35,48,29,7.4,39,17,9,4.2,5.3,83,17.3,12,2608:1,1818:1,1673:1,4464,27,36,18,32,37,,81,Y,0.3,35,67,11,39,74.6,530,53,7,13,18,13,217,18,28,14,1267:1,25.5,17.8,47.5
"Wheeler, TEXAS",4807,55713,22,86,44,20.3,3.9,25.1,,,22,17,22,40,29,7.1,39,20,7,4.3,5.7,118,,,4927:1,4807:1,1602:1,2829,26,28,11,33,36,,81,Y,1,,74,8,3,72.4,582,,,14,19,12,,,32,20,961:1,24.3,21.3,100.0
"Wichita, TEXAS",129978,56634,21,88,59,10.2,3.9,66.6,19,6,19,20,30,71,27,6.4,37,18,8,4,5.7,81,18.2,24,1204:1,1238:1,476:1,3160,41,41,15,7,37,7,85,Y,0.05,30,61,12,86,73.9,563,61,7,12,18,12,152,16,22,9,695:1,22.7,15.3,12.7
"Wilbarger, TEXAS",12491,52983,24,78,45,11.0,4.9,53,16,,25,16,41,81,33,5.2,41,22,9,4.7,5.8,80,27.5,18,3183:1,2498:1,568:1,3468,31,46,15,14,37,22,74,N,0,29,59,12,42,72.8,606,111,,15,20,14,,,28,13,1561:1,21.1,18.8,26.1
"Willacy, TEXAS",20143,41648,36,67,33,3.4,8.2,42.3,12,,32,16,39,62,41,4.0,45,19,9,5,5.2,53,7.2,22,2540:1,20143:1,2518:1,4807,20,42,20,30,38,,70,Y,1,25,69,11,28,74.1,569,75,,17,18,18,748,,30,9,1259:1,23.8,14.6,35.6
"Williamson, TEXAS",671418,101891,7,94,79,6.0,2.9,69.1,13,2,13,18,10,89,19,7.8,32,11,7,2.9,4.9,43,16.3,20,1465:1,1638:1,610:1,2102,42,49,13,44,32,6,95,Y,0.07,36,68,11,75,81.0,253,34,4,9,15,9,182,9,16,8,1166:1,23.8,12.9,9.2
"Wilson, TEXAS",52735,79432,13,91,63,6.2,3.3,48.2,14,13,17,18,18,66,25,8.4,36,15,8,3.6,4.9,75,11.6,16,2136:1,4057:1,1883:1,2188,35,32,14,62,35,,86,Y,0.81,34,86,9,21,77.2,392,52,,11,16,11,112,10,20,11,1598:1,23.2,16.7,87.3
"Winkler, TEXAS",7306,69775,19,72,40,6.7,3.9,45.9,45,,23,19,33,98,31,8.1,39,17,10,4.1,5.1,161,16.4,23,3708:1,3653:1,,2172,14,18,12,38,35,,84,Y,1,23,83,2,69,71.0,656,100,,13,17,13,118,,27,15,1827:1,28.1,12.5,18.1
"Wise, TEXAS",74895,80096,12,87,56,10.0,3.5,71,17,4,18,19,19,38,25,7.8,37,17,7,3.8,5.3,86,21.2,16,2656:1,4681:1,1702:1,4061,35,41,13,52,34,14,87,Y,0.46,42,82,8,20,75.6,449,46,5,12,18,10,113,16,24,13,1070:1,24.4,15.5,90.5
"Wood, TEXAS",46857,57504,18,86,50,12.9,4.5,69.8,21,3,18,17,26,47,25,6.8,38,19,7,3.9,5.6,95,22.7,30,3058:1,2756:1,2037:1,3042,41,36,13,47,37,,83,Y,0.51,40,80,11,11,74.1,535,64,,12,18,10,170,13,26,13,1512:1,18.5,27.8,87.3
"Yoakum, TEXAS",7451,62748,18,68,47,11.8,4.0,,,,23,19,37,88,31,7.7,39,16,7,4.1,5.1,88,,,3804:1,7451:1,2484:1,3099,26,19,15,34,35,,91,Y,1,,66,12,0,73.7,522,,,13,17,13,103,,33,20,1490:1,32.9,11.9,100.0
"Young, TEXAS",17962,58297,22,88,64,12.2,3.4,92.4,26,,18,18,33,83,26,6.5,36,18,6,3.9,5.5,111,15.9,20,1198:1,1497:1,1382:1,3009,30,35,12,21,35,,88,Y,0.23,42,74,10,23,72.2,598,86,,12,18,10,67,,25,13,1283:1,23.6,20.6,52.0
"Zapata, TEXAS",13849,39403,47,66,38,0.0,6.9,13.9,,,33,15,45,31,42,5.1,44,19,8,5,5.5,52,,,,6925:1,,5293,25,33,22,21,37,,65,Y,1,16,75,12,35,75.7,503,54,,17,18,19,122,,36,10,2770:1,32.1,13.2,21.2
"Zavala, TEXAS",9377,36237,42,73,57,4.2,8.6,35.4,,,33,15,46,,41,3.8,45,19,9,5,5.3,75,12.6,18,,2344:1,1563:1,1884,14,22,14,15,37,,80,Y,0.43,25,73,7,55,71.3,654,,,17,18,19,158,,27,9,852:1,29.1,14.6,30.6
"Adams, OHIO",27420,49068,26,85,51,8.0,5.4,72.9,25,,21,15,35,39,32,6.2,42,25,8,4.6,5.8,127,,,2295:1,2493:1,490:1,3402,35,33,14,48,40,,80,Y,0.41,,71,11,4,71.4,654,55,,15,20,12,79,56,11,6,1246:1,24.1,18.7,100.0
"Allen, OHIO",101115,60384,17,92,60,15.6,4.2,70.6,17,7,17,19,27,86,31,7.9,43,22,10,4.0,5.4,93,,,1540:1,1605:1,369:1,4217,44,46,12,20,37,8,87,Y,0.14,,67,10,54,75.2,480,50,6,12,18,12,197,26,9,5,416:1,23.3,19.0,31.0
"Ashland, OHIO",52181,62037,14,90,55,18.7,3.8,79.5,12,,17,18,14,57,28,8.4,39,21,6,4.0,5.6,66,,,2275:1,2372:1,405:1,2915,50,46,12,30,37,,85,Y,0.53,,78,9,33,76.0,425,71,8,12,18,10,48,25,10,7,1110:1,22.1,20.5,63.4
"Ashtabula, OHIO",97014,52468,23,87,47,12.2,4.4,87.4,21,9,21,17,24,69,31,6.7,45,27,8,4.7,6.5,107,,,3476:1,2853:1,458:1,4335,43,46,15,35,39,9,84,Y,0.38,,73,13,31,74.2,518,72,6,15,19,12,150,40,12,8,1590:1,21.7,20.4,52.0
"Athens, OHIO",58979,48265,23,92,70,7.7,4.8,127.1,13,2,18,20,8,69,29,6.4,38,21,8,4.2,6.2,73,,,1591:1,4213:1,145:1,2638,42,46,19,24,38,3,83,Y,0.32,,61,19,71,75.8,442,33,7,13,19,11,99,30,11,5,797:1,15.0,15.7,48.7
"Auglaize, OHIO",45948,71669,11,93,65,14.7,3.1,81.5,12,,15,18,18,76,25,8.8,37,19,7,3.5,5.1,59,,,2884:1,3063:1,1482:1,3411,44,46,9,17,36,,87,Y,0.09,,77,6,29,77.2,365,56,6,11,17,10,47,12,7,5,1276:1,23.7,19.6,38.7
"Belmont, OHIO",65509,55573,23,91,55,13.2,5.2,72.4,18,3,17,16,22,57,29,7.6,39,22,9,3.9,5.3,91,,,3658:1,2113:1,402:1,3573,46,42,7,31,41,16,82,Y,0.24,,75,8,56,74.6,505,51,7,12,18,11,165,34,9,5,762:1,18.7,22.1,61.5
"Brown, OHIO",43680,64034,22,87,50,6.2,4.5,91.3,17,,19,17,25,40,30,7.6,43,24,8,4.4,5.8,118,,,3969:1,6240:1,235:1,4216,37,42,12,57,38,7,81,Y,0.52,,75,9,12,73.4,554,60,8,14,19,11,79,51,10,6,1618:1,22.6,19.2,95.8
"Butler, OHIO",388420,74841,14,91,64,8.0,3.5,83.2,13,5,16,18,15,87,27,7.8,44,18,8,3.8,5.2,98,,,1922:1,1913:1,354:1,3475,45,52,12,36,34,5,90,Y,0.04,,69,11,75,75.7,452,52,7,11,17,11,156,50,9,5,1097:1,23.1,16.2,9.6
"Carroll, OHIO",26659,62482,18,89,47,13.9,4.3,59.3,16,,17,17,21,36,28,7.9,38,23,8,3.9,5.1,95,,,3813:1,2962:1,1904:1,2855,39,40,9,46,37,,76,Y,0.68,,77,7,2,75.6,450,53,,12,18,10,48,17,10,7,4443:1,20.6,22.6,100.0
"Champaign, OHIO",38709,72784,14,91,55,12.1,3.7,97.8,16,,16,18,22,52,27,8.4,40,21,8,3.9,5.4,89,,,6450:1,2978:1,922:1,3232,40,43,8,40,37,9,87,Y,0.57,,76,8,27,76.0,428,50,8,12,18,10,100,33,9,6,2277:1,21.9,19.3,70.6
"Clark, OHIO",134831,57264,20,89,57,10.3,4.1,86.1,22,8,18,16,30,85,29,7.2,43,22,9,4.0,5.4,134,,,2223:1,1665:1,496:1,3378,40,46,12,27,41,9,88,Y,0.12,,69,10,83,72.9,578,71,7,13,18,11,143,51,10,4,1053:1,22.3,20.3,25.4
"Clermont, OHIO",210805,79492,11,91,66,7.1,3.6,84.2,15,2,15,20,16,82,25,7.6,36,20,8,3.6,5.2,84,,,1519:1,2219:1,811:1,3475,44,48,12,47,35,5,91,Y,0.18,,74,10,48,76.7,416,51,7,11,17,10,103,41,9,5,1597:1,22.0,18.5,26.3
"Clinton, OHIO",41964,65927,17,91,59,9.5,4.4,89.2,16,,17,17,24,49,29,6.7,42,22,8,4.1,5.6,114,,,1616:1,3497:1,320:1,2873,38,43,12,40,38,6,86,Y,0.53,,71,10,30,73.6,552,54,8,12,19,11,110,52,9,5,954:1,22.2,18.8,70.1
"Columbiana, OHIO",100511,54167,22,90,53,14.7,4.6,81.1,18,2,18,16,22,77,29,7.5,45,23,8,4.1,5.7,103,,,3377:1,3723:1,767:1,3299,43,47,10,35,39,6,84,Y,0.31,,73,9,30,74.5,508,43,6,13,18,11,89,48,11,6,1197:1,20.1,22.1,55.5
"Coshocton, OHIO",36571,50731,19,85,49,12.6,4.9,74.2,18,,20,16,22,43,33,7.4,40,25,7,4.5,5.6,94,,,2817:1,3048:1,1045:1,3600,42,41,12,37,39,,78,Y,0.52,,72,11,6,74.3,505,63,7,14,19,12,66,31,13,10,1662:1,23.8,20.1,66.3
"Crawford, OHIO",41522,55912,23,90,54,17.0,4.8,107.9,16,,18,16,29,83,29,6.5,41,23,9,4.2,5.3,95,,,2784:1,1805:1,692:1,2341,44,40,10,28,40,9,86,Y,0.08,,69,8,27,73.9,536,51,,13,19,11,65,30,10,5,923:1,21.5,21.5,34.1
"Cuyahoga, OHIO",1236041,60808,24,91,70,9.0,4.9,67.9,14,15,18,17,19,98,24,7.8,35,19,11,4.0,5.8,111,,,899:1,887:1,208:1,3796,49,52,16,31,38,7,86,N,0,,58,15,184,75.7,462,71,9,12,17,12,466,43,8,4,424:1,20.3,19.6,0.6
"Darke, OHIO",51529,65643,13,91,54,15.1,3.5,59,14,,17,16,21,55,27,8.2,39,22,5,3.9,5.4,109,,,2150:1,2342:1,1321:1,2765,42,40,10,31,37,7,83,Y,0.67,,72,8,18,75.8,433,45,6,12,18,10,72,29,10,7,1840:1,23.5,20.6,71.7
"Defiance, OHIO",38187,63904,13,92,60,15.5,3.9,119.6,14,,16,17,19,67,27,8.2,41,19,7,3.8,5.3,82,,,1816:1,2546:1,420:1,3371,49,48,9,25,36,,86,Y,0.34,,77,8,47,76.4,411,34,7,12,17,10,90,27,9,5,849:1,22.5,19.9,53.6
"Delaware, OHIO",226296,121528,5,97,85,8.2,3.0,69.2,11,1,10,18,4,94,19,9.0,36,11,7,2.8,4.4,49,,,677:1,1582:1,694:1,1672,56,59,9,40,34,2,96,Y,0.08,,79,8,75,81.2,224,26,3,8,13,8,81,15,5,3,1271:1,24.5,15.2,20.3
"Erie, OHIO",74501,67925,16,92,64,11.6,4.9,85,14,3,16,19,20,84,28,7.6,41,20,9,3.7,5.0,96,,,1291:1,1620:1,363:1,2880,46,50,12,23,37,11,84,Y,0.21,,71,12,72,75.3,454,71,8,11,17,10,143,34,9,5,920:1,19.5,23.6,28.2
"Fairfield, OHIO",162898,82447,10,94,68,9.6,3.5,84.6,14,3,15,20,13,84,25,8.3,44,18,8,3.8,5.3,84,,,1790:1,2011:1,595:1,2727,44,51,11,46,38,6,89,Y,0.22,,75,10,62,76.7,394,47,6,11,16,10,150,32,8,4,1131:1,23.6,16.6,35.6
"Fayette, OHIO",28839,56901,20,85,47,9.7,3.9,113.1,10,,20,16,30,65,31,7.3,44,24,8,4.2,5.8,108,,,3212:1,1923:1,614:1,2667,37,38,12,37,39,,85,Y,0.4,,65,12,33,72.9,574,44,,13,19,11,87,41,10,6,779:1,23.3,18.3,48.1
"Franklin, OHIO",1321820,69762,21,92,72,9.4,3.4,88.8,12,11,16,20,18,95,25,7.8,36,17,9,3.5,5.5,102,,,985:1,1042:1,234:1,2595,49,55,15,25,37,6,92,Y,0.01,,53,14,188,75.9,443,66,8,11,17,11,479,56,11,5,496:1,22.9,13.2,1.4
"Fulton, OHIO",42171,75383,10,94,59,15.3,4.0,56.1,16,,16,17,17,51,27,8.2,42,19,7,3.8,5.1,78,,,2653:1,2220:1,639:1,1324,51,52,9,32,36,,88,Y,0.41,,82,7,20,76.9,388,46,7,11,17,10,45,22,8,6,1318:1,22.9,19.8,82.2
"Gallia, OHIO",29068,51449,28,86,59,14.4,4.7,77.5,28,5,19,16,29,48,31,7.1,41,23,10,4.4,5.6,140,,,1325:1,2422:1,199:1,3022,40,44,12,34,42,,76,Y,0.57,,76,10,16,72.6,611,73,,13,19,11,90,79,10,6,404:1,23.3,20.1,80.4
"Geauga, OHIO",95469,101636,7,91,68,9.6,4.0,54.6,13,,13,17,5,83,22,8.9,35,16,6,3.3,5.1,65,,,1448:1,2170:1,390:1,2567,51,53,11,43,33,7,86,Y,0.22,,87,9,12,80.0,274,46,4,10,16,9,44,17,11,11,1836:1,22.0,22.3,78.6
"Greene, OHIO",168456,82769,11,94,79,9.3,3.6,91.1,12,2,14,17,11,86,25,8.0,37,16,7,3.3,5.1,80,,,1115:1,1087:1,277:1,2429,42,43,10,24,35,3,91,Y,0.12,,67,10,71,77.5,370,40,5,10,16,10,144,27,7,5,941:1,20.5,18.7,22.4
"Guernsey, OHIO",38098,56004,21,86,48,16.2,4.9,71.8,18,4,19,17,27,60,30,6.4,44,24,8,4.3,5.3,100,,,2735:1,1905:1,381:1,3337,45,43,14,24,37,7,82,Y,0.44,,73,11,37,73.2,563,89,11,14,19,12,99,38,11,7,907:1,21.9,20.4,62.5
"Hamilton, OHIO",825037,67033,18,92,72,10.5,3.6,78.2,13,11,16,20,20,98,26,7.7,35,17,10,3.6,5.6,102,,,912:1,1314:1,212:1,3113,50,54,15,30,38,8,90,N,0,,59,15,185,75.8,443,65,8,11,16,11,458,47,8,5,517:1,22.6,16.8,2.4
"Hancock, OHIO",74861,72658,12,94,69,12.9,3.3,129.5,15,3,15,18,16,71,25,8.2,37,19,8,3.6,4.9,80,,,1914:1,2079:1,462:1,2418,41,54,10,17,35,,89,Y,0.15,,69,9,56,76.9,394,52,6,11,16,10,95,28,8,5,780:1,21.6,18.5,31.8
"Hardin, OHIO",30416,58844,18,92,47,13.1,4.2,71.7,18,,18,19,19,56,29,7.5,41,23,8,4.1,5.4,93,,,3402:1,6083:1,1601:1,2502,39,44,10,39,38,,84,Y,0.55,,74,9,23,73.4,555,58,,13,19,11,82,43,10,8,1170:1,23.2,16.4,56.4
"Harrison, OHIO",14378,55129,21,88,53,15.2,4.9,80.9,15,,18,16,22,30,30,7.5,43,23,6,4.1,5.4,89,,,4826:1,7189:1,2396:1,4164,37,37,14,47,39,,79,Y,0.78,,78,13,4,74.3,498,,,13,19,11,81,,10,7,1797:1,20.8,22.7,100.0
"Henry, OHIO",27512,72122,11,93,60,15.6,4.5,65.1,9,,16,18,15,36,27,8.5,42,20,8,3.7,5.1,91,,,3442:1,1834:1,744:1,2784,47,56,7,30,38,,88,Y,0.56,,79,8,19,76.6,397,62,,12,17,10,43,20,7,5,2293:1,22.9,19.7,67.9
"Highland, OHIO",43391,59464,20,85,50,11.8,4.9,84.2,14,10,20,18,26,41,33,7.5,44,25,8,4.4,5.7,102,,,3613:1,2066:1,579:1,2515,34,36,11,44,37,12,79,Y,0.63,,73,9,14,73.9,536,74,8,14,20,11,80,38,12,6,1356:1,23.6,19.3,73.7
"Hocking, OHIO",27858,57353,20,88,57,9.3,4.1,107.1,18,5,19,17,25,78,30,7.4,44,24,8,4.2,5.7,113,,,2341:1,4643:1,404:1,2025,37,45,9,46,41,,84,Y,0.12,,79,9,32,73.8,531,41,,13,19,11,105,34,10,6,1548:1,21.6,20.1,70.6
"Holmes, OHIO",44390,75226,9,58,23,11.3,2.8,31.1,5,,21,18,9,38,33,8.9,39,27,4,4.5,5.8,42,,,4919:1,2774:1,6341:1,859,37,41,13,24,37,15,62,Y,0.89,,78,8,0,78.2,338,56,5,14,20,11,,,27,31,3171:1,30.0,14.5,100.0
"Huron, OHIO",58218,61482,18,90,55,11.7,5.1,78.2,19,,18,19,20,60,31,7.7,42,22,7,4.2,5.4,108,,,1824:1,2531:1,633:1,3300,43,49,11,30,37,9,86,Y,0.4,,73,10,32,74.6,484,64,5,13,18,11,74,50,10,6,896:1,23.5,18.5,51.4
"Jackson, OHIO",32586,54893,23,87,47,12.9,5.0,87.3,24,4,20,15,36,52,32,7.3,47,25,8,4.3,5.9,126,,,2322:1,3259:1,393:1,2303,36,39,12,35,41,,81,Y,0.16,,74,12,18,71.3,687,65,,14,19,12,111,48,9,6,858:1,23.6,17.9,64.2
"Jefferson, OHIO",64330,54272,30,93,62,16.2,5.4,61,18,5,19,17,20,65,30,6.7,42,24,9,4.1,6.0,109,,,2592:1,2075:1,328:1,3534,38,43,11,31,41,5,83,Y,0.23,,71,12,61,72.6,602,68,9,13,19,11,107,45,9,5,574:1,19.3,22.8,39.3
"Knox, OHIO",63183,68334,15,92,58,11.9,3.5,82,16,,16,16,16,69,28,7.8,40,21,7,3.9,5.4,72,,,2516:1,2038:1,494:1,3109,40,40,10,38,34,7,87,Y,0.47,,73,10,35,77.0,396,49,6,12,18,10,68,23,10,5,1003:1,22.6,19.3,69.7
"Lake, OHIO",231842,76163,11,94,70,8.4,4.3,75.4,16,2,14,18,10,89,25,8.0,37,17,7,3.5,5.2,101,,,2417:1,1486:1,328:1,3202,49,53,10,32,36,6,91,Y,0.01,,75,9,77,77.5,382,37,5,11,16,9,105,37,7,5,1131:1,19.0,21.9,7.5
"Lawrence, OHIO",56653,51062,22,89,54,8.5,4.6,86.1,14,6,20,15,27,72,32,7.0,47,24,10,4.7,5.7,141,,,2128:1,2982:1,158:1,4447,34,43,13,28,38,,83,Y,0.24,,73,13,45,71.0,686,47,5,14,19,12,139,71,10,5,944:1,21.4,19.7,45.3
"Licking, OHIO",181359,76596,12,93,69,10.3,3.4,114.3,16,3,15,17,15,77,25,7.8,39,18,7,3.5,5.4,85,,,2693:1,2628:1,648:1,3072,47,50,12,42,36,5,91,Y,0.22,,73,10,60,76.1,420,50,6,11,17,10,124,32,7,5,1474:1,22.7,17.5,33.8
"Logan, OHIO",46040,62449,18,93,56,13.7,3.5,84.7,22,3,16,18,26,60,28,8.5,40,21,7,3.8,5.5,100,,,2558:1,2708:1,853:1,2470,43,44,10,29,37,,88,Y,0.21,,77,8,35,75.7,437,50,,12,18,10,80,20,8,5,1023:1,22.5,19.5,55.6
"Lorain, OHIO",316268,67124,19,91,65,9.3,5.1,77.7,16,5,17,19,17,95,27,7.7,37,19,9,3.8,5.2,102,,,1936:1,2040:1,471:1,3703,50,51,13,36,36,7,84,Y,0.04,,73,12,55,76.6,419,53,6,12,17,11,178,44,8,5,1171:1,21.4,19.9,14.3
"Lucas, OHIO",426643,57971,23,91,66,9.4,4.4,83.2,16,10,18,15,25,93,30,7.3,42,20,10,3.7,5.9,116,,,1157:1,1333:1,225:1,3683,48,51,15,19,39,8,87,Y,0.02,,62,13,156,73.8,533,77,9,12,18,12,289,58,9,4,498:1,22.7,17.6,5.0
"Madison, OHIO",43540,78533,14,89,52,9.9,3.2,66,15,,17,19,18,66,28,7.8,41,21,7,3.8,5.2,81,,,3170:1,3349:1,1089:1,2620,50,49,8,43,37,,89,Y,0.47,,76,7,22,76.1,419,53,7,12,17,10,231,35,9,5,1555:1,20.0,16.8,66.2
"Mahoning, OHIO",225636,54774,28,91,61,12.6,4.8,83.4,15,11,18,15,22,88,31,6.4,41,21,11,4.1,5.5,116,,,973:1,1351:1,216:1,3531,45,49,12,23,39,7,86,Y,0.03,,70,11,63,74.1,519,64,8,13,18,12,281,58,9,4,714:1,20.1,22.5,15.6
"Marion, OHIO",64642,59012,23,89,48,13.2,4.4,85.5,19,4,19,18,38,81,31,6.6,46,24,8,4.1,6.1,113,,,3627:1,1701:1,468:1,4247,49,51,12,28,41,,87,Y,0.24,,67,12,57,74.0,536,51,7,13,18,12,201,53,8,4,752:1,21.3,18.8,34.7
"Medina, OHIO",183512,89108,7,95,74,8.1,4.0,76.3,15,1,12,18,6,93,23,8.7,38,16,6,3.2,5.3,70,,,1606:1,1799:1,568:1,2616,51,53,10,43,33,6,90,Y,0.11,,80,8,43,79.3,299,36,3,10,16,9,71,18,6,4,1412:1,21.1,19.9,34.1
"Meigs, OHIO",21969,46393,25,86,47,16.8,5.8,67.9,23,,21,16,27,43,35,5.7,40,27,9,4.7,6.0,134,,,7350:1,4394:1,732:1,2620,40,40,13,48,41,,73,Y,0.59,,75,10,7,72.7,564,52,,15,20,12,48,69,12,7,1831:1,20.6,21.0,88.0
"Mercer, OHIO",42348,72077,9,93,68,11.3,2.7,47.2,9,,14,19,13,72,26,9.0,38,19,6,3.5,5.0,64,,,2015:1,2823:1,1008:1,3955,41,47,9,20,34,,88,Y,0.48,,79,6,26,78.0,361,43,6,11,17,10,53,9,8,5,1033:1,26.1,19.5,71.6
"Miami, OHIO",110247,72887,13,93,64,11.7,3.6,74.5,14,,15,17,20,85,24,8.4,39,18,7,3.5,5.1,78,,,2230:1,2042:1,721:1,3215,44,48,10,26,36,,89,Y,0.23,,73,9,73,76.4,415,47,6,11,17,10,85,26,8,5,1125:1,22.7,19.5,30.6
"Monroe, OHIO",13234,56384,21,89,52,20.3,6.4,46.7,20,,18,17,19,76,30,7.4,40,24,7,4.1,5.7,97,,,6665:1,6617:1,3309:1,3355,38,39,12,52,37,,77,Y,0.74,,80,9,5,75.9,420,,,13,19,11,70,,11,7,1654:1,20.3,23.7,98.7
"Montgomery, OHIO",533892,62794,20,92,69,10.4,4.1,90.4,15,11,18,17,23,93,28,7.2,41,19,9,4.0,5.8,143,,,1055:1,1739:1,266:1,3145,45,49,14,23,39,6,88,Y,0.01,,62,13,121,73.7,552,76,8,12,19,12,343,57,9,5,519:1,21.8,18.8,5.5
"Morgan, OHIO",13668,58803,24,87,53,9.5,5.3,79.3,16,,21,16,24,13,33,6.8,45,26,6,4.6,5.7,114,,,13682:1,4556:1,651:1,2193,39,36,11,53,38,,76,Y,1,,76,11,0,74.2,543,93,,15,20,12,136,,10,6,2278:1,20.8,22.1,100.0
"Morrow, OHIO",35339,71835,14,90,51,8.0,3.9,70.8,13,,17,17,18,26,28,8.6,41,22,7,3.8,5.7,91,,,5022:1,7068:1,1262:1,3032,46,47,10,53,41,,88,Y,0.8,,82,7,11,76.8,428,64,,12,18,10,60,42,11,8,2524:1,21.5,19.2,100.0
"Muskingum, OHIO",86113,58791,18,90,54,12.6,4.3,86.6,19,3,19,17,29,65,33,6.9,45,22,8,4.3,5.7,98,,,1878:1,1625:1,468:1,3282,52,40,13,31,37,7,87,Y,0.39,,69,12,58,74.2,517,72,8,13,19,12,95,44,10,5,532:1,22.4,18.7,51.0
"Noble, OHIO",14335,57054,17,85,34,12.7,6.0,51.5,,,19,15,28,58,31,6.1,41,25,7,4.1,5.3,68,,,14176:1,4778:1,843:1,3161,45,44,8,36,38,,76,Y,0.27,,80,7,11,81.1,329,,,13,18,12,228,,10,7,2389:1,18.8,29.8,100.0
"Ottawa, OHIO",39978,72780,15,93,67,14.5,5.2,71.6,20,,15,17,13,68,25,7.7,37,19,8,3.6,5.3,80,,,2111:1,2352:1,816:1,2498,50,53,9,34,36,,84,Y,0.41,,82,8,16,77.3,385,37,,11,17,10,43,29,8,5,3075:1,17.5,27.3,62.5
"Paulding, OHIO",18757,66332,14,90,59,13.8,3.5,82,26,,17,17,21,44,29,7.9,44,22,8,4.0,5.2,97,,,4718:1,6252:1,1705:1,3767,40,40,9,37,38,,79,Y,0.79,,81,6,3,77.0,394,,,12,18,11,57,,10,6,2680:1,23.5,19.9,100.0
"Perry, OHIO",35480,60448,19,88,54,9.3,4.4,68.4,18,4,18,18,26,79,32,7.7,43,25,7,4.1,5.5,109,,,3546:1,2957:1,563:1,3740,40,45,13,51,38,16,83,Y,0.69,,76,10,1,73.9,526,54,,13,19,11,118,48,10,6,1478:1,23.3,18.2,80.5
"Pickaway, OHIO",60023,75916,13,88,54,7.8,3.7,84.6,15,3,17,19,19,76,28,8.0,42,21,7,3.9,5.4,94,,,2472:1,2401:1,469:1,2969,40,48,12,47,39,11,86,Y,0.61,,73,12,27,74.3,508,65,8,12,17,11,267,42,9,6,1277:1,21.5,16.3,60.5
"Pike, OHIO",27005,55029,26,84,44,8.5,5.1,87.2,24,10,22,15,40,29,33,7.0,40,27,9,4.6,5.6,146,,,3870:1,2250:1,82:1,1266,36,40,14,41,39,,77,Y,0.56,,66,15,25,70.6,722,77,,15,20,13,93,65,10,5,1228:1,23.5,18.5,81.7
"Portage, OHIO",161745,72965,12,93,66,8.6,3.8,95,14,2,15,19,7,84,26,7.6,35,19,8,3.7,5.1,70,,,2537:1,1903:1,405:1,2606,46,51,13,39,35,3,87,Y,0.1,,71,13,51,77.0,395,40,7,11,16,10,81,25,8,5,1949:1,17.9,18.3,38.0
"Preble, OHIO",40596,67605,15,92,55,7.8,3.4,85.1,15,,16,17,18,35,28,8.3,40,21,8,3.9,5.2,108,,,5838:1,6766:1,1068:1,2976,42,44,9,41,36,,85,Y,0.58,,80,8,17,74.4,487,63,,12,17,10,40,39,8,5,1845:1,22.0,20.3,76.3
"Putnam, OHIO",34334,81780,7,95,74,12.2,3.0,42.6,10,,14,19,12,54,23,8.8,36,17,6,3.4,4.5,50,,,2145:1,3815:1,1493:1,3275,49,51,7,33,32,,85,N,0,,86,5,7,79.5,265,45,,10,16,9,29,,7,5,2020:1,25.4,18.8,84.2
"Richland, OHIO",125319,54906,21,90,54,13.9,4.5,83.9,14,5,19,16,28,78,31,6.7,41,24,8,4.2,5.4,101,,,2122:1,1586:1,220:1,3031,46,42,12,23,36,8,85,Y,0.11,,68,11,53,74.7,507,57,7,13,18,11,158,56,11,6,830:1,21.6,20.2,33.7
"Ross, OHIO",76606,60352,19,89,50,9.8,3.8,100.9,16,4,18,17,31,67,30,7.3,42,23,9,4.2,6.1,127,,,1508:1,1741:1,179:1,946,39,42,12,32,41,10,85,Y,0.57,,71,13,37,73.2,565,52,7,13,19,11,172,66,8,4,470:1,21.0,18.1,58.8
"Sandusky, OHIO",58667,62473,15,93,56,11.9,4.7,61.8,15,,17,18,23,79,27,8.0,42,21,7,3.8,4.6,89,,,3262:1,1833:1,667:1,2600,47,52,11,24,37,7,86,Y,0.07,,74,10,45,75.2,454,60,6,12,17,11,92,30,9,5,1107:1,21.6,20.3,43.2
"Scioto, OHIO",72194,48465,28,88,48,9.8,5.1,89.7,17,5,21,14,31,80,34,6.6,47,27,8,4.8,5.7,168,,,1789:1,2777:1,119:1,3732,35,41,13,35,40,11,83,Y,0.36,,69,12,47,69.7,760,71,10,15,20,13,100,121,9,5,478:1,21.5,19.1,55.3
"Seneca, OHIO",54632,63221,15,93,61,13.1,4.2,100.6,18,,17,17,19,75,29,7.5,42,22,8,4.0,5.1,89,,,2745:1,2483:1,650:1,3087,45,52,9,26,37,5,85,Y,0.35,,72,8,50,75.7,444,49,6,12,18,11,64,36,9,5,1401:1,21.2,19.3,45.6
"Shelby, OHIO",47671,72498,12,91,62,10.8,3.5,83.4,16,,17,18,22,61,28,8.1,41,21,7,3.9,5.4,94,,,2181:1,3405:1,1135:1,3013,43,47,8,19,38,,90,Y,0.41,,74,6,44,75.6,456,50,,12,18,10,91,32,8,5,1986:1,24.3,18.1,57.0
"Stark, OHIO",372657,64557,19,93,64,11.8,4.0,83.3,18,6,16,17,21,74,26,7.4,42,21,9,3.9,4.9,94,,,1294:1,1579:1,293:1,2499,45,50,11,26,39,7,85,Y,0.02,,68,10,79,75.4,465,57,7,12,17,11,162,34,9,4,764:1,21.3,20.6,14.8
"Summit, OHIO",535882,66034,18,93,70,11.3,4.1,89.6,16,8,17,17,17,95,26,7.7,43,19,9,3.9,5.6,95,,,1024:1,1484:1,280:1,3031,47,53,13,29,35,6,89,Y,0.01,,67,12,136,75.7,448,58,7,12,17,10,220,40,9,4,665:1,20.5,19.6,3.8
"Trumbull, OHIO",200643,54406,26,90,53,11.2,4.9,85.7,17,6,19,15,24,74,30,6.7,42,23,9,4.5,5.5,118,,,2212:1,2047:1,503:1,3502,44,48,13,27,38,10,82,Y,0.14,,72,11,46,74.0,541,52,7,13,18,12,146,60,10,6,2027:1,20.4,22.5,27.2
"Tuscarawas, OHIO",91937,59626,14,89,51,15.8,3.8,64.8,14,3,17,16,29,72,30,8.0,40,23,7,4.0,5.4,86,,,2803:1,2485:1,547:1,2521,43,37,12,26,36,8,83,Y,0.31,,70,10,54,75.3,464,59,6,13,18,11,40,28,12,8,1393:1,22.7,20.4,49.8
"Union, OHIO",66898,104512,5,95,73,10.0,3.0,79.8,12,,13,19,10,78,23,8.5,36,15,7,3.1,5.0,54,,,1756:1,2909:1,743:1,2445,49,51,8,38,35,,93,Y,0.21,,80,7,39,78.9,281,40,6,10,15,9,132,19,5,4,1672:1,23.9,13.5,45.0
"Van Wert, OHIO",28769,59377,11,93,65,15.7,3.3,69.6,10,,16,17,19,60,29,8.0,44,21,8,3.9,5.4,73,,,2210:1,2397:1,738:1,1827,47,48,10,27,38,8,85,Y,0.49,,79,9,26,76.4,420,49,,12,18,10,50,21,8,5,1027:1,23.1,20.1,50.4
"Vinton, OHIO",12565,51015,29,80,51,3.2,5.0,102.5,22,,22,16,26,31,34,7.2,43,28,9,4.7,5.9,140,,,6348:1,4188:1,785:1,1178,36,38,13,57,38,,75,Y,1,,75,9,4,70.9,668,,,15,20,13,,67,12,8,6283:1,21.1,19.3,94.3
"Warren, OHIO",249778,104523,6,95,74,7.9,3.3,73.2,13,2,12,19,8,86,21,8.6,35,14,7,3.0,4.9,68,,,1174:1,2313:1,397:1,3144,48,53,9,40,34,4,94,Y,0.06,,79,8,47,78.4,320,36,5,9,15,9,106,25,6,4,1207:1,23.5,15.8,17.5
"Washington, OHIO",58901,59196,21,92,61,12.1,4.7,79.9,16,3,17,17,19,78,30,7.6,45,23,7,4.1,5.5,88,,,1382:1,1636:1,370:1,3055,47,46,11,29,36,,83,Y,0.34,,74,9,41,76.0,466,56,6,12,19,11,96,26,9,6,385:1,19.4,22.5,58.3
"Wayne, OHIO",116559,70121,13,86,53,13.5,3.2,77.6,15,1,17,18,11,65,28,8.2,38,21,6,3.8,5.3,90,,,2012:1,2045:1,259:1,2515,48,48,12,24,37,8,83,Y,0.33,,75,8,32,76.4,420,62,8,12,18,10,75,27,14,15,1388:1,23.7,19.1,55.8
"Williams, OHIO",36652,60983,15,91,59,16.3,3.4,69,19,,17,17,24,57,28,7.4,42,21,6,3.8,5.1,100,,,2448:1,1833:1,1145:1,1871,41,47,8,20,36,,85,Y,0.32,,75,8,15,76.5,412,50,7,12,18,10,113,21,8,5,1111:1,21.7,20.4,75.1
"Wood, OHIO",131592,67254,9,95,75,11.8,3.5,80.4,12,,14,19,8,68,25,7.8,41,17,7,3.6,5.6,60,,,1472:1,3060:1,462:1,2948,50,53,12,24,34,5,91,Y,0.23,,64,12,61,77.7,355,36,5,11,17,10,78,22,7,4,940:1,20.1,16.6,30.1
"Wyandot, OHIO",21567,65631,11,94,58,20.3,2.9,69.4,19,,15,18,16,35,26,8.7,34,20,7,3.7,5.3,97,,,3618:1,3595:1,1269:1,2592,47,45,7,28,38,,84,Y,0.16,,74,6,19,76.1,439,66,,11,17,10,27,25,7,5,1269:1,21.9,20.8,69.7
"Beaverhead, MONTANA",9719,57497,16,94,77,12.6,2.3,42.9,25,,14,21,6,71,23,8.4,34,17,6,3.5,5.0,78,16.1,24,680:1,2430:1,486:1,449,49,52,16,19,32,,86,Y,1,13,66,17,5,80.6,253,,,11,16,9,,,12,9,748:1,17.2,23.6,52.7
"Big Horn, MONTANA",12851,49113,26,89,55,6.2,4.4,38.5,39,21,23,19,56,33,29,5.2,40,27,8,4.7,5.9,203,14.2,,1851:1,1428:1,918:1,4245,31,32,22,29,36,13,77,Y,1,20,67,8,7,65.0,964,152,16,16,20,14,111,,20,8,676:1,32.4,13.5,100.0
"Blaine, MONTANA",6936,53577,22,89,61,7.2,3.1,86.9,63,,20,21,35,38,27,5.7,39,26,9,4.5,6.0,151,18.9,,1745:1,1156:1,462:1,1615,41,19,19,20,34,,79,Y,1,26,63,12,4,68.5,748,194,,14,19,12,91,,19,11,1156:1,29.1,16.1,100.0
"Broadwater, MONTANA",7793,67927,10,93,71,5.5,3.4,79.6,,,14,21,14,51,23,9.2,33,18,7,3.6,5.0,84,,,7288:1,2598:1,1559:1,1827,38,42,7,34,30,,78,Y,1,,83,13,12,80.3,273,,,11,16,8,0,,12,10,3897:1,19.7,23.9,100.0
"Carbon, MONTANA",11179,67062,11,96,60,12.9,2.6,55.6,35,,12,21,11,46,21,8.9,31,15,7,3.3,4.8,109,,,1550:1,1597:1,799:1,656,45,46,11,41,32,,83,Y,1,18,74,15,5,81.3,296,,,10,15,7,104,,12,9,3726:1,17.4,27.1,100.0
"Carter, MONTANA",1382,50597,14,94,77,0.0,2.1,,,,15,20,,20,24,5.2,34,18,,3.7,5.0,,,,1428:0,1382:0,,3159,45,21,13,34,31,,82,Y,1,,64,14,0,,,,,12,17,8,0,,11,8,461:1,20.9,28.2,100.0
"Cascade, MONTANA",84864,59184,17,93,65,12.2,2.6,86.5,29,5,15,22,23,78,25,8.0,36,18,8,3.9,5.0,105,21.6,25,1341:1,1048:1,259:1,2298,52,43,13,12,31,,85,Y,0.12,36,68,11,92,76.2,448,54,6,11,16,8,78,16,12,7,521:1,22.1,19.8,20.5
"Chouteau, MONTANA",5898,51137,24,92,55,8.5,2.3,32.1,,,16,20,,33,25,6.7,34,20,8,3.9,5.3,118,,,,5898:1,1180:1,384,45,28,8,29,33,,72,Y,1,,68,8,2,77.7,351,,,12,17,9,0,,15,11,655:1,20.9,22.9,100.0
"Custer, MONTANA",12032,64743,15,94,62,7.6,2.4,70.1,,,13,22,20,86,22,8.3,34,16,7,3.4,4.7,95,18.6,,1490:1,1719:1,267:1,2528,39,38,14,11,33,,83,N,0,45,67,12,49,75.8,431,93,,11,16,8,78,,11,9,602:1,19.3,20.6,22.2
"Daniels, MONTANA",1628,57141,11,96,74,0.0,1.9,,,,14,20,,67,23,8.9,34,18,,3.6,5.0,,,,1686:0,543:1,1628:1,2103,34,6,9,17,30,,80,Y,1,,81,13,,82.9,,,,11,17,8,,,11,9,271:1,21.1,26.5,100.0
"Dawson, MONTANA",8830,60763,15,95,75,15.7,2.3,50,,,13,22,14,84,23,8.1,35,17,7,3.3,4.6,92,,,2226:1,1472:1,401:1,2427,41,35,10,16,31,,87,Y,1,25,72,8,25,76.2,454,,,10,16,8,80,,10,8,552:1,21.4,21.1,25.3
"Deer Lodge, MONTANA",9510,52848,18,90,49,7.4,2.5,105.8,33,,17,20,15,96,27,7.7,36,21,10,4.1,5.0,115,37.8,23,1186:1,1189:1,164:1,2183,43,45,18,29,34,,78,N,0,28,66,17,80,74.9,454,,,13,17,10,81,,12,8,865:1,12.3,26.7,28.9
"Fallon, MONTANA",3011,65637,12,97,72,26.5,1.6,74.3,,,13,24,,70,21,8.7,33,16,7,3.3,4.7,,,,1006:1,3011:1,,3917,38,34,8,15,31,,88,Y,1,50,72,7,,77.8,367,,,10,16,8,0,,13,13,753:1,26.0,19.0,100.0
"Fergus, MONTANA",11663,60466,15,95,75,16.4,2.8,45.7,21,,13,21,17,70,22,7.6,32,17,7,3.3,4.8,130,,13,1162:1,1060:1,353:1,1380,49,42,13,26,29,,86,Y,1,22,67,11,36,77.1,350,,,11,16,8,51,,12,9,1296:1,20.8,25.1,47.4
"Flathead, MONTANA",111814,66395,12,96,69,12.3,3.1,93.7,29,3,13,21,19,80,19,9.0,32,15,7,3.3,4.5,93,24.6,27,1085:1,1434:1,284:1,1407,43,41,16,24,29,8,88,Y,0.29,35,74,14,60,77.7,353,53,4,10,15,8,61,13,12,7,628:1,21.5,20.9,51.5
"Gallatin, MONTANA",124857,83520,7,98,83,11.2,1.9,90.5,23,2,10,27,6,87,15,9.2,24,12,8,2.9,4.6,59,21.9,23,1278:1,1435:1,231:1,1650,43,49,16,15,24,3,91,Y,0.2,40,61,14,77,82.0,207,41,3,9,14,6,69,7,9,6,627:1,18.6,13.7,34.8
"Garfield, MONTANA",1218,50762,20,97,79,0.0,2.9,,,,14,21,,9,23,7.8,33,18,,3.5,4.9,,,,1209:0,1218:0,1218:1,2965,39,20,14,26,31,,92,Y,1,,69,8,5,,,,,11,16,8,0,,14,12,406:1,22.6,25.6,100.0
"Glacier, MONTANA",13681,46270,26,87,55,5.1,5.0,99.1,37,,24,22,40,33,31,6.0,45,29,9,4.8,5.9,140,28.8,20,1253:1,2280:1,391:1,2284,20,21,14,23,35,38,80,Y,1,47,64,10,11,68.9,831,107,,16,20,14,46,,22,9,977:1,30.2,13.0,100.0
"Golden Valley, MONTANA",835,45622,29,91,56,0.0,3.2,,,,15,19,,3,25,4.7,35,19,,3.7,5.1,,,,831:1,835:0,835:0,1059,49,37,8,55,31,,79,Y,1,,86,7,9,,641,,,12,17,9,,,14,10,835:1,17.5,32.9,100.0
"Granite, MONTANA",3502,58186,16,90,64,9.0,3.8,33.8,,,15,19,,37,23,5.5,33,18,,3.5,5.0,95,,24,3344:1,3502:0,3502:1,1976,33,41,8,43,31,,82,Y,1,39,77,9,7,83.2,264,,,11,17,9,,,16,16,1751:1,13.8,31.3,100.0
"Hill, MONTANA",16068,50518,22,90,56,9.9,2.5,106.1,20,,17,23,40,72,24,6.8,34,20,7,4.0,5.6,87,24.4,23,1471:1,1148:1,255:1,2236,41,28,13,8,33,12,81,Y,0.23,34,66,10,41,74.0,518,69,,12,18,10,,,14,8,618:1,27.8,16.1,39.8
"Jefferson, MONTANA",12826,83697,9,94,70,7.2,2.5,40.1,47,,11,21,9,50,19,8.5,30,14,7,3.2,4.8,111,,10,1559:1,2138:1,802:1,1112,45,44,10,28,30,,89,Y,0.64,18,83,9,11,75.9,403,,,9,15,7,83,,10,8,3207:1,20.0,23.3,100.0
"Judith Basin, MONTANA",2105,60677,18,94,71,0.0,2.4,,,,14,19,,12,22,6.5,33,17,,3.5,4.8,110,,,,2105:0,,2444,52,54,13,40,30,,85,Y,1,,77,14,3,80.8,309,,,11,16,8,,,11,9,2105:0,19.5,27.9,100.0
"Lake, MONTANA",32853,57225,24,92,59,9.7,3.0,70.1,39,6,16,20,25,60,23,8.4,35,19,8,3.8,5.3,121,15,19,1335:1,1217:1,387:1,2058,39,33,15,25,33,9,82,Y,0.18,31,72,13,20,76.1,457,89,,12,17,10,85,26,18,10,939:1,21.7,23.9,82.1
"Lewis and Clark, MONTANA",73832,72491,10,95,77,20.1,2.4,86.4,25,4,12,22,13,74,19,9.0,31,13,8,3.2,4.6,88,19.5,24,1062:1,1154:1,179:1,1741,48,49,11,12,28,6,87,Y,0.26,29,71,11,77,78.4,342,50,,10,15,7,62,11,9,6,620:1,21.0,20.3,26.2
"Liberty, MONTANA",1972,53601,25,77,49,25.7,2.3,,,,19,19,,45,28,6.2,38,23,7,4.3,5.3,,,,1946:1,986:1,,302,43,35,24,18,32,,68,Y,1,,62,15,7,89.4,,,,14,19,10,0,,20,18,493:1,22.3,23.7,100.0
"Lincoln, MONTANA",21525,48432,24,92,52,15.6,4.8,69.9,31,,17,19,20,63,26,7.9,33,20,7,4.1,5.8,106,19.1,29,1368:1,1435:1,391:1,1710,35,19,17,18,31,,84,Y,0.53,53,76,15,18,77.0,411,,,13,18,9,45,,15,10,742:1,17.7,30.0,77.9
"Madison, MONTANA",9265,72487,13,96,67,12.3,2.2,59.9,17,,12,20,8,30,20,8.5,31,14,8,3.0,4.4,85,15,27,1783:1,4633:1,1853:1,1634,42,22,13,41,28,,86,Y,1,25,78,11,2,80.5,240,,,10,15,7,88,,14,12,1853:1,15.3,29.8,100.0
"McCone, MONTANA",1709,59086,16,97,71,17.5,1.8,,,,13,21,,12,22,8.8,33,16,,3.3,4.8,142,,,1718:0,1709:0,,1052,39,33,13,29,30,,84,Y,1,,89,5,5,81.0,275,,,10,16,8,0,,12,9,855:1,19.2,29.4,100.0
"Meagher, MONTANA",2013,53724,20,97,64,0.0,2.3,,,,13,19,,78,22,5.0,33,16,9,3.4,4.9,,,,982:1,2013:0,1007:1,1292,25,13,10,22,32,,78,Y,1,,85,12,,83.3,292,,,10,16,8,,,16,13,671:1,18.2,31.8,100.0
"Mineral, MONTANA",5058,55979,18,93,65,0.0,5.1,78.5,,,15,19,14,94,23,7.6,37,19,9,3.7,5.1,112,32.3,,2430:1,5058:1,337:1,1021,33,31,10,43,33,,78,Y,1,28,80,11,15,76.4,533,,,12,17,9,,,14,10,723:1,19.3,28.5,100.0
"Missoula, MONTANA",121041,68210,10,96,77,11.4,2.6,120.9,21,4,13,25,8,92,17,8.6,32,15,7,3.5,4.9,80,23.6,32,866:1,1100:1,163:1,1630,46,52,16,15,27,5,91,Y,0.25,42,59,14,112,78.9,319,47,5,10,16,7,127,14,10,6,529:1,17.8,17.3,25.3
"Musselshell, MONTANA",5197,55291,23,91,61,8.2,2.9,78.3,62,,15,19,19,51,25,7.7,34,18,9,3.7,4.8,153,,34,4896:1,,2599:1,1768,36,30,12,41,33,37,80,Y,1,39,81,9,17,75.8,471,,,12,17,9,,,14,9,5197:1,19.9,26.9,100.0
"Park, MONTANA",17790,68594,12,97,74,11.4,2.7,77.1,43,,13,21,6,75,21,7.9,28,15,8,3.3,4.9,122,20.8,15,920:1,1617:1,282:1,2697,33,28,14,36,28,,87,Y,0.48,24,70,13,42,78.6,358,87,,10,16,8,91,,10,7,890:1,16.7,24.5,45.6
"Petroleum, MONTANA",524,48991,19,100,76,0.0,3.0,,,,13,19,,10,22,6.9,33,17,,3.4,4.8,,,,519:0,524:0,524:0,,40,48,9,30,32,,89,Y,1,,70,9,0,,,,,11,16,8,0,,7,5,524:0,15.5,30.9,100.0
"Phillips, MONTANA",4240,56043,20,93,62,9.5,3.7,53.4,,,15,20,27,61,23,7.9,38,18,6,3.6,5.0,114,,,4192:1,,848:1,3055,33,20,9,18,34,,82,Y,1,,80,5,12,74.9,461,,,11,17,9,,,14,10,1413:1,23.8,23.9,100.0
"Pondera, MONTANA",6078,51057,28,88,55,13.3,2.6,20.4,,,15,21,21,45,25,7.2,37,19,9,3.7,5.2,101,,,1998:1,,468:1,1102,36,31,12,21,32,,83,Y,1,,67,9,2,78.2,391,,,12,17,9,,,14,8,608:1,23.8,21.9,100.0
"Powder River, MONTANA",1725,54102,16,89,74,0.0,2.2,65.6,,,14,19,,43,23,6.6,33,17,,3.5,4.9,,,,1702:0,1725:0,,1146,40,30,4,40,30,,76,Y,1,,79,6,9,78.4,,,,11,16,8,0,,15,14,863:1,17.2,30.3,100.0
"Powell, MONTANA",7051,60350,19,93,39,10.0,2.6,70.6,45,,16,22,25,83,25,8.2,36,20,7,3.7,4.7,122,31.8,28,1400:1,3526:1,705:1,2487,41,31,10,19,33,,81,Y,1,49,70,9,8,76.5,466,,,12,16,9,159,,11,7,881:1,14.6,20.8,100.0
"Prairie, MONTANA",1107,49838,14,86,34,0.0,3.0,,,,18,16,,,28,4.9,36,21,,4.1,5.4,,,,1091:0,1107:0,,,35,28,6,36,32,,84,Y,1,,75,21,5,,313,,,13,18,10,0,,18,15,1107:1,21.0,35.0,100.0
"Ravalli, MONTANA",47298,65789,14,93,64,9.8,2.8,58.2,31,4,13,20,11,62,21,9.0,30,17,8,3.3,4.8,115,15.7,21,1641:1,2056:1,426:1,1438,43,37,15,32,32,,86,Y,0.24,31,77,11,18,78.6,313,62,,10,16,8,52,13,14,10,1278:1,18.4,27.1,84.4
"Richland, MONTANA",11237,72974,11,96,61,20.4,2.6,60.5,37,,13,23,19,55,23,8.1,35,17,6,3.2,4.7,94,10.4,23,3761:1,2809:1,749:1,1185,45,44,13,26,30,,84,Y,1,35,69,13,45,76.8,394,92,,10,16,8,,,10,9,936:1,25.2,17.0,43.2
"Roosevelt, MONTANA",10572,48712,28,93,55,4.6,3.5,73.7,36,15,24,21,62,19,30,6.8,41,28,9,4.9,5.8,191,19.5,24,1546:1,1510:1,481:1,2776,37,31,12,28,36,,68,Y,1,30,66,10,17,61.2,1277,113,,16,20,14,,,20,9,705:1,33.7,11.9,100.0
"Rosebud, MONTANA",8088,64003,25,90,63,16.0,3.4,40.8,40,16,19,20,36,51,26,7.1,36,24,8,4.3,5.7,188,,,2031:1,1618:1,404:1,3254,35,30,18,14,33,,70,Y,1,26,64,14,5,67.6,852,100,,14,18,11,,,18,11,578:1,29.4,16.8,100.0
"Sanders, MONTANA",13442,47976,25,91,56,6.2,4.3,42.5,32,,17,17,15,76,27,7.0,32,21,7,4.1,4.9,123,20.2,18,1296:1,3361:1,373:1,1376,34,21,16,28,34,,83,Y,1,14,78,15,0,75.5,477,118,,13,18,9,61,,17,12,1222:1,16.8,32.5,100.0
"Sheridan, MONTANA",3564,62982,17,90,64,22.7,1.9,41.9,,,13,21,,63,23,7.9,33,17,7,3.3,4.8,141,,,3527:1,3564:1,509:1,2061,42,38,11,17,32,,84,Y,1,,77,10,15,77.3,352,,,10,16,8,,,11,10,891:1,20.6,25.8,100.0
"Silver Bow, MONTANA",36068,58898,17,94,62,8.8,2.9,82.9,37,4,15,23,17,84,24,8.4,32,18,10,3.6,5.4,115,18.7,34,1265:1,1093:1,165:1,1736,46,49,13,12,33,,83,N,0,31,70,13,75,74.8,485,47,,11,17,9,60,32,10,6,736:1,19.8,19.7,13.9
"Stillwater, MONTANA",9177,81147,10,93,60,14.4,2.2,64.1,32,,13,22,12,37,21,9.3,33,16,8,3.2,4.8,99,12.8,15,3015:1,3059:1,1530:1,1489,47,34,9,35,31,,84,Y,1,38,84,8,9,78.1,338,,,10,15,8,,,10,9,2294:1,20.4,24.9,100.0
"Sweet Grass, MONTANA",3715,68006,13,96,59,13.4,2.0,35.6,,,13,21,,73,21,9.3,34,16,6,3.2,5.1,70,,,1241:1,3715:1,619:1,1709,41,23,11,27,32,,86,Y,1,36,76,9,9,82.6,255,,,10,16,8,0,,11,10,1858:1,18.9,28.6,100.0
"Teton, MONTANA",6368,57054,14,90,63,22.3,2.7,53.4,,,14,22,12,51,24,7.1,32,18,10,3.4,5.1,133,,29,3135:1,2123:1,708:1,1422,48,32,11,29,31,,82,Y,1,29,76,11,0,76.3,428,,,11,17,8,,,13,11,455:1,24.4,23.4,100.0
"Toole, MONTANA",5082,49850,17,87,51,8.0,2.0,63.8,,,15,23,17,67,24,8.3,32,19,12,3.7,4.8,66,29.4,,1670:1,1271:1,635:1,1365,34,18,13,14,33,,87,Y,1,29,65,10,8,77.2,459,,,11,16,9,,,14,8,1271:1,21.1,18.0,100.0
"Treasure, MONTANA",758,60454,17,94,80,0.0,2.0,,,,15,18,,,24,4.4,34,18,,3.6,4.9,,,,768:0,758:0,758:0,,30,43,12,15,31,,74,Y,1,,68,10,1,,,,,11,17,9,0,,14,11,758:0,22.8,31.0,100.0
"Valley, MONTANA",7513,79703,14,93,67,11.9,2.5,80.8,,,15,21,21,59,25,7.5,37,19,6,3.6,4.8,137,16.8,24,1077:1,3757:1,751:1,1616,52,18,8,17,35,,83,Y,1,40,76,7,20,77.1,451,,,12,17,9,,,12,8,501:1,21.7,24.8,100.0
"Wheatland, MONTANA",2032,44002,21,92,44,0.0,3.7,,,,18,19,,61,26,6.6,37,21,8,4.1,5.3,149,,,,2032:0,677:1,,29,31,17,18,33,,77,Y,1,,77,13,3,74.2,510,,,13,18,10,0,,18,14,677:1,24.7,25.0,100.0
"Wibaux, MONTANA",919,56317,19,95,41,0.0,2.4,,,,14,20,,,23,4.5,33,18,,3.5,4.9,,,,934:0,919:0,919:0,1656,26,31,6,24,31,,80,Y,1,,74,12,5,,,,,11,16,8,0,,12,10,919:0,21.3,24.2,100.0
"Yellowstone, MONTANA",169852,78216,10,95,70,13.1,2.4,92.2,27,5,13,23,17,81,20,8.6,33,16,8,3.6,5.2,103,20.9,30,929:1,999:1,235:1,2103,49,52,14,14,31,6,89,Y,0.2,41,70,11,96,76.3,424,57,6,11,16,8,101,26,11,7,477:1,22.8,18.0,16.5
"Adair, KENTUCKY",19067,44153,32,86,53,4.2,4.5,56,19,,23,13,20,43,32,7.6,41,23,8,4.9,5.7,98,21,22,3786:1,6356:1,367:1,3499,42,30,13,27,39,,82,Y,0.27,27,76,9,4,73.6,540,65,,15,20,12,98,26,9,5,706:1,19.3,19.7,73.5
"Allen, KENTUCKY",21275,61655,22,87,57,5.3,3.8,74,21,10,22,14,31,28,31,7.2,42,24,9,4.9,5.9,120,24.2,24,6932:1,3546:1,1330:1,3815,36,38,15,42,41,18,80,Y,0.38,38,77,13,5,73.7,563,80,,15,20,11,86,38,8,5,1934:1,22.7,18.2,77.5
"Anderson, KENTUCKY",24224,66846,17,91,63,10.0,3.2,79.1,18,,18,15,26,29,27,8.2,34,20,8,4.3,5.7,102,23.8,24,3434:1,2422:1,1101:1,2840,39,42,10,48,38,,87,Y,0.21,39,79,7,19,75.0,471,64,,13,18,10,119,43,7,4,1425:1,22.9,16.8,43.2
"Ballard, KENTUCKY",7650,56605,22,92,58,18.2,4.8,78.3,,,21,14,32,33,30,8.5,41,23,9,4.8,5.6,112,13.8,12,,3825:1,7650:1,3641,46,49,10,34,39,,85,Y,1,16,80,8,11,74.0,518,,,14,20,11,,,8,5,2550:1,19.8,22.3,100.0
"Barren, KENTUCKY",44854,50658,22,85,51,8.1,4.1,93.4,25,,24,13,32,62,33,6.6,42,25,8,5.1,6.1,92,23.2,34,1437:1,2990:1,444:1,3328,36,48,17,30,38,8,84,Y,0.41,31,66,14,24,74.2,526,51,5,16,20,12,97,16,9,4,575:1,23.4,18.3,62.1
"Bath, KENTUCKY",12829,48260,30,81,45,3.9,5.2,74.7,,,24,15,37,37,32,7.3,39,25,8,5.0,6.2,125,33.6,26,6389:1,12829:1,347:1,4108,37,38,10,39,39,,81,Y,0.46,35,72,10,6,70.6,643,116,,16,21,12,,56,8,5,916:1,25.3,17.5,100.0
"Bell, KENTUCKY",23568,33923,40,78,51,9.6,5.0,70.8,21,,29,13,48,89,38,5.6,46,31,10,6.0,6.6,137,26.9,28,1988:1,1386:1,2357:1,4597,26,28,16,41,42,,74,Y,0.29,46,63,12,31,67.7,888,89,,19,23,14,89,52,9,4,524:1,21.6,19.8,59.3
"Boone, KENTUCKY",139093,90265,8,94,71,5.4,3.1,78.5,14,2,15,18,15,92,23,8.4,35,16,7,3.9,4.7,74,19.7,24,1696:1,1464:1,706:1,3287,46,54,10,32,34,4,92,Y,0.06,41,76,7,82,78.3,358,36,5,11,16,9,97,35,5,3,1062:1,25.1,15.0,11.5
"Bourbon, KENTUCKY",20093,56879,23,85,58,9.4,3.5,53.8,11,,21,14,27,52,30,7.1,37,22,9,4.6,5.7,110,32.8,22,1556:1,1340:1,628:1,3545,44,49,13,33,38,,82,Y,0.22,34,65,15,40,74.1,562,,,14,19,11,76,63,10,5,2009:1,22.5,20.5,44.4
"Boyd, KENTUCKY",48110,55397,23,89,64,15.2,5.1,93.8,18,3,21,13,31,63,32,6.2,40,23,10,5.0,6.2,135,23.1,35,998:1,1375:1,127:1,5010,38,46,11,25,39,12,86,N,0,45,69,12,61,72.5,634,39,7,15,20,11,189,84,7,4,249:1,21.3,20.3,23.8
"Boyle, KENTUCKY",30904,57975,18,90,64,13.3,3.9,107.1,18,,20,15,20,74,28,7.6,40,20,9,4.4,5.4,98,21.7,39,1708:1,1236:1,364:1,3489,38,37,13,29,39,,84,Y,0.14,45,69,15,58,75.1,513,56,,13,18,11,91,39,7,4,515:1,20.4,19.5,35.4
"Bracken, KENTUCKY",8452,58301,21,88,54,11.8,4.3,88.1,32,,23,15,25,0,32,8.1,39,24,8,4.9,5.9,152,18.9,25,8439:1,2817:1,8452:1,4489,45,37,12,54,38,,81,Y,0.68,28,80,8,3,71.5,633,,,15,20,11,71,64,8,5,1690:1,23.4,18.1,100.0
"Breathitt, KENTUCKY",13351,36300,42,79,50,3.7,7.3,51.6,22,,28,13,52,22,36,4.8,39,28,11,5.6,6.3,144,17.2,27,2259:1,6676:1,405:1,7867,24,30,15,40,40,,75,Y,0.48,38,73,10,9,67.5,917,,,18,22,13,87,59,8,3,494:1,20.8,19.0,100.0
"Breckinridge, KENTUCKY",20943,52400,25,85,49,12.1,4.6,79.1,16,8,23,14,32,29,31,7.6,42,25,8,4.9,6.2,118,17.3,37,4130:1,6981:1,1102:1,5064,38,36,10,50,39,,77,Y,0.74,27,82,8,0,73.9,543,69,,15,20,11,138,26,8,5,1745:1,22.5,20.3,100.0
"Bullitt, KENTUCKY",83836,77192,12,89,60,6.3,4.0,80.8,21,4,19,16,16,70,29,7.8,38,20,8,4.4,5.5,103,26.4,29,5528:1,2994:1,953:1,3436,45,51,10,49,38,9,89,Y,0.16,41,83,9,43,76.9,428,45,5,13,19,10,64,46,6,3,1823:1,21.0,17.6,29.5
"Butler, KENTUCKY",12295,50824,22,81,45,13.0,4.1,62.2,20,,23,14,41,20,32,7.4,38,25,7,5.1,6.0,112,32.2,51,12294:1,12295:1,768:1,2533,34,42,10,51,39,,75,Y,0.62,30,72,8,2,72.4,625,81,,15,20,11,97,,11,6,820:1,22.5,19.1,100.0
"Caldwell, KENTUCKY",12570,51553,24,88,56,16.6,3.4,60.3,24,,22,14,36,37,30,7.9,37,23,8,4.8,5.8,95,18.7,19,4208:1,2514:1,1257:1,2517,43,25,9,41,39,,82,Y,0.18,23,73,11,27,73.0,609,88,,14,20,11,170,,8,4,898:1,22.8,21.3,52.1
"Calloway, KENTUCKY",37685,51949,21,90,69,13.3,4.0,80.9,22,6,20,15,14,70,27,7.4,40,21,7,4.5,5.7,79,20.9,28,2087:1,2094:1,919:1,4125,43,45,15,19,40,6,82,Y,0.39,38,64,14,40,75.5,457,44,,14,19,11,49,24,9,5,562:1,18.3,17.6,48.9
"Campbell, KENTUCKY",93300,74149,12,93,79,7.6,3.3,93.8,12,2,16,17,18,92,23,7.9,35,17,8,3.9,5.5,95,23.8,28,1861:1,1985:1,572:1,3656,47,56,15,33,35,,88,Y,0.08,41,72,14,139,77.1,391,46,5,11,17,9,180,46,6,3,880:1,20.3,17.7,17.1
"Carlisle, KENTUCKY",4720,54535,23,87,56,10.4,3.7,79.9,,,25,13,31,7,33,8.0,43,26,6,5.1,6.0,113,,,2396:1,4720:1,,3122,42,43,8,45,39,,87,Y,0.64,27,77,8,0,71.3,656,,,16,21,12,,,9,6,1573:1,23.3,20.3,100.0
"Carroll, KENTUCKY",10938,59226,23,83,46,8.3,3.1,86.7,33,,25,15,46,49,34,,42,26,9,5.2,6.2,119,27.3,42,3621:1,3646:1,1367:1,3329,43,39,17,25,41,,76,N,0,62,68,10,18,70.8,712,91,,16,21,12,57,62,8,5,1094:1,26.4,16.3,49.4
"Carter, KENTUCKY",26395,48285,26,81,46,6.4,7.0,85.5,15,,27,13,36,28,33,6.3,43,27,8,5.3,6.2,129,14.7,32,5282:1,6599:1,518:1,4915,30,38,11,43,39,13,74,Y,0.36,42,79,10,14,71.8,655,45,,17,22,13,23,65,9,4,880:1,22.2,20.2,79.7
"Casey, KENTUCKY",15920,43539,36,77,37,6.9,3.7,76.4,27,,28,13,36,10,37,7.1,43,29,7,5.6,6.4,104,18.8,19,7933:1,5307:1,936:1,6484,32,27,12,40,42,27,78,Y,0.61,34,76,9,4,73.4,568,88,,18,22,13,38,27,10,4,1137:1,22.7,20.9,100.0
"Christian, KENTUCKY",73037,56610,23,86,59,12.0,4.8,74.3,20,11,24,17,50,46,32,6.5,39,23,8,4.9,5.8,98,22.7,26,1644:1,624:1,193:1,4248,39,34,16,20,41,12,80,Y,0.19,43,50,16,45,72.6,624,82,7,15,19,13,209,28,9,4,265:1,27.7,12.8,29.1
"Clark, KENTUCKY",37061,61641,20,89,61,8.4,3.6,85.9,18,,19,15,34,77,28,7.8,38,21,9,4.5,5.6,134,28.2,37,2169:1,1853:1,882:1,2872,43,47,14,41,41,13,87,Y,0.16,46,72,12,68,73.2,583,42,,13,19,10,26,67,7,4,904:1,22.0,18.7,29.0
"Clay, KENTUCKY",19913,34473,46,72,38,5.9,5.6,60.8,15,13,31,13,45,99,39,4.8,43,32,12,5.9,6.2,115,9.9,21,2526:1,4978:1,948:1,3995,23,17,15,40,43,,78,Y,0.32,22,75,13,3,69.1,825,98,,19,23,14,81,52,10,4,424:1,20.4,16.1,100.0
"Clinton, KENTUCKY",9123,41739,34,81,48,6.5,4.8,81,,,27,13,45,52,36,7.4,41,28,9,5.4,6.1,118,24.3,32,1853:1,3041:1,507:1,2788,31,32,11,20,39,,73,N,0,43,73,11,3,72.8,608,,,17,22,13,102,41,10,5,1140:1,21.7,20.5,100.0
"Crittenden, KENTUCKY",8981,50452,28,86,51,14.5,4.1,84.7,27,,22,14,32,57,31,7.5,42,24,7,5.0,5.8,121,22,22,2237:1,8981:1,8981:1,5277,29,31,10,34,38,,74,N,0,35,80,9,0,71.9,644,,,15,20,11,,,8,5,1283:1,22.3,21.6,100.0
"Cumberland, KENTUCKY",5946,48864,33,80,42,5.1,3.2,62.6,,,26,13,38,7,36,7.6,43,27,8,5.4,6.3,102,25,21,1960:1,1189:1,496:1,4878,28,12,11,31,40,,75,Y,1,58,76,12,0,73.6,555,,,17,21,13,121,,8,4,991:1,21.4,23.0,100.0
"Daviess, KENTUCKY",103222,65949,15,91,64,12.6,3.9,70.6,20,4,20,15,28,87,29,7.8,42,21,9,4.5,5.4,75,18.7,24,1808:1,1518:1,314:1,2840,50,51,14,20,36,8,88,Y,0.23,29,68,11,74,75.5,475,54,6,13,19,10,115,17,7,4,447:1,24.1,18.1,26.0
"Edmonson, KENTUCKY",12269,51402,27,82,47,2.4,4.8,91.5,,,24,14,25,41,33,7.6,39,25,7,5.1,6.1,77,28.8,44,12291:1,6135:1,2454:1,3120,39,45,11,58,40,,83,Y,1,34,83,5,3,75.3,466,,,16,21,12,56,,10,5,1534:1,17.7,21.5,100.0
"Elliott, KENTUCKY",7293,40312,32,75,36,0.0,8.0,40.4,,,28,14,37,12,36,,44,28,12,5.5,6.2,110,,27,7381:1,2431:1,405:1,3640,30,32,11,60,41,,75,Y,1,,77,8,0,75.8,498,,,17,21,13,139,,7,2,1216:1,16.8,21.7,100.0
"Estill, KENTUCKY",14044,39402,25,76,47,10.6,4.8,63.6,29,,27,13,35,61,36,6.9,42,29,8,5.6,6.3,167,31.8,37,4697:1,2006:1,936:1,3906,37,29,14,48,40,,77,N,0,35,74,12,0,70.6,709,,,17,22,13,,109,9,5,540:1,21.3,19.2,71.6
"Fayette, KENTUCKY",320347,63667,16,92,76,11.3,3.1,84.1,13,8,17,17,16,97,27,7.9,36,16,9,3.8,5.3,92,23.2,23,832:1,666:1,184:1,2746,48,54,16,20,35,5,91,Y,0.01,35,54,15,164,77.4,396,56,5,11,16,10,412,44,9,4,270:1,20.4,15.2,2.9
"Fleming, KENTUCKY",15288,50012,28,81,52,5.3,4.4,38.8,,,23,15,32,50,32,7.7,39,24,7,5.1,6.0,79,12.9,21,3045:1,3822:1,2548:1,3281,36,35,13,45,38,,76,Y,0.51,19,74,8,1,73.5,546,,,15,20,11,48,25,9,5,1274:1,23.8,18.8,100.0
"Floyd, KENTUCKY",34978,37296,50,79,48,5.1,5.8,54,19,6,27,14,47,26,35,6.3,43,28,11,5.6,6.6,128,18.2,23,1764:1,1345:1,29:1,6852,27,33,15,29,41,15,80,N,0,39,71,14,17,68.8,824,64,8,17,23,13,50,59,9,4,372:1,22.4,19.7,78.2
"Franklin, KENTUCKY",51607,58456,19,92,69,21.1,3.4,120.2,17,7,19,15,23,73,28,7.5,38,19,10,4.4,5.4,113,31.6,37,2720:1,1290:1,543:1,3353,35,47,11,24,39,12,83,N,0,39,63,11,64,74.2,516,56,8,13,18,10,174,49,8,5,992:1,20.8,18.7,26.6
"Fulton, KENTUCKY",6382,40409,39,80,40,10.7,4.5,66,,,27,12,37,75,36,7.7,45,26,12,5.3,6.1,127,28.3,,6512:1,6382:1,3191:1,5362,37,31,17,27,43,,84,Y,0.43,31,64,13,7,67.5,817,175,,17,21,14,,,8,4,3191:1,20.7,21.9,64.2
"Gallatin, KENTUCKY",8763,59175,19,85,46,0.0,3.6,118.4,25,,23,15,31,46,32,,39,25,11,4.9,5.8,159,29.6,30,2194:1,8763:1,1461:1,1244,32,42,11,47,40,,82,Y,1,63,71,8,18,72.1,612,,,15,20,11,,72,9,6,1461:1,23.4,14.4,100.0
"Garrard, KENTUCKY",17589,57748,21,85,61,5.2,3.8,88.5,26,,21,15,31,33,29,,41,22,9,4.7,5.9,123,24.4,23,4341:1,4397:1,2513:1,3740,37,36,11,55,38,,83,Y,0.57,27,81,9,14,74.7,504,,,14,19,10,95,57,9,6,4397:1,21.7,19.4,100.0
"Grant, KENTUCKY",25502,66458,17,89,52,7.1,3.7,73.9,14,,21,16,34,63,31,8.3,43,22,9,4.5,5.5,123,19.6,36,2524:1,3188:1,1214:1,2473,34,44,12,51,38,,84,Y,0.08,39,72,8,42,73.2,563,55,,14,19,10,49,69,8,4,3643:1,26.4,14.5,100.0
"Graves, KENTUCKY",36412,53408,20,90,58,9.3,4.5,85,17,8,22,14,36,32,30,7.3,41,23,8,4.8,5.8,103,20.6,21,3662:1,2427:1,958:1,6045,41,42,12,25,41,,81,Y,0.52,33,75,12,24,73.5,559,60,,15,19,12,175,11,8,5,1214:1,24.0,18.9,66.6
"Grayson, KENTUCKY",26631,52130,22,84,45,6.0,4.6,60.3,24,7,25,14,39,21,34,6.4,41,27,8,5.4,6.3,123,21.1,26,1658:1,2959:1,832:1,3737,35,38,14,32,40,16,76,Y,0.34,25,77,11,23,72.2,627,67,,16,21,12,45,25,8,4,807:1,23.2,18.5,75.4
"Green, KENTUCKY",11365,46169,26,83,56,15.1,3.7,49,,,26,13,28,36,34,6.9,44,27,8,5.5,6.2,92,12.2,12,5646:1,2841:1,455:1,2762,35,32,12,43,41,,78,Y,0.59,,74,10,1,74.1,530,,,17,21,13,125,,10,6,874:1,20.9,21.1,100.0
"Greenup, KENTUCKY",35403,54462,20,90,65,8.1,5.8,83.4,21,,20,14,26,79,30,7.3,42,22,8,4.7,6.0,133,28.5,24,1981:1,2723:1,513:1,5443,37,46,10,34,40,,82,Y,0.22,39,79,9,32,72.6,613,43,,14,20,10,95,73,7,4,1041:1,21.0,22.4,42.7
"Hancock, KENTUCKY",9021,66300,18,87,64,12.1,4.2,80.4,27,,21,15,31,22,29,8.1,37,23,7,4.6,5.6,84,18.4,14,,1504:1,1804:1,2739,48,46,9,34,38,,84,Y,1,30,79,11,2,74.6,485,,,14,19,10,93,,7,4,2255:1,23.8,18.7,91.4
"Hardin, KENTUCKY",111862,61920,15,92,69,8.9,4.1,83.6,18,7,20,15,25,67,26,7.7,42,21,8,4.5,5.8,93,24.4,35,1666:1,1065:1,222:1,3598,41,44,11,28,38,12,85,Y,0.19,37,62,9,48,74.6,513,56,5,13,18,11,199,31,7,4,523:1,24.6,15.2,33.5
"Harlan, KENTUCKY",25662,36022,35,77,51,8.4,6.3,64.8,18,5,31,12,43,60,38,5.6,45,32,10,6.1,6.4,128,18.5,33,2907:1,3208:1,1974:1,7532,21,21,14,30,41,21,80,Y,0.1,33,69,11,14,67.0,944,73,,20,24,14,51,55,9,3,755:1,23.7,19.5,77.1
"Harrison, KENTUCKY",19103,60962,19,87,52,9.0,3.3,66.6,17,,21,14,33,57,29,7.7,42,23,8,4.7,5.7,126,9.3,23,1895:1,2729:1,1592:1,2048,35,49,13,44,37,,74,Y,0.27,41,71,12,22,73.1,584,,,14,19,11,,60,7,4,910:1,22.6,18.6,65.8
"Hart, KENTUCKY",19600,47229,24,78,36,10.8,3.9,47.3,11,,26,13,33,29,34,7.3,39,27,8,5.3,6.4,87,11.6,23,3892:1,3920:1,980:1,3211,32,37,12,35,41,15,80,Y,0.48,26,74,11,9,73.6,549,,,16,21,12,62,23,9,4,980:1,24.3,17.3,88.3
"Henderson, KENTUCKY",44046,55530,24,89,57,12.9,3.8,82.6,20,4,21,15,38,64,29,7.6,38,22,12,4.6,5.8,77,22.7,30,1927:1,1915:1,657:1,3826,47,50,13,28,38,,87,Y,0.25,35,64,13,72,74.3,520,60,9,14,19,11,185,12,7,4,759:1,22.4,19.4,36.5
"Henry, KENTUCKY",15771,65068,18,84,49,10.9,3.6,78.3,13,,23,14,29,21,31,8.0,40,24,8,4.9,6.0,121,19.6,27,1740:1,2629:1,1752:1,2366,46,44,16,47,39,13,80,Y,0.55,36,74,14,11,73.4,542,,,15,20,11,106,52,10,7,1971:1,23.0,18.9,100.0
"Hickman, KENTUCKY",4422,53838,27,88,64,11.3,4.3,76.1,,,23,12,34,51,32,7.8,39,24,8,4.9,5.8,113,,,,4422:1,,3698,40,42,7,21,40,,89,N,0,,77,4,1,73.6,543,,,15,20,12,,,10,7,2211:1,19.3,26.1,100.0
"Hopkins, KENTUCKY",44812,52198,28,89,56,17.9,4.4,64.9,25,,22,14,37,68,31,6.9,41,24,9,4.8,5.8,93,24.1,23,1003:1,2037:1,747:1,3031,40,43,12,26,40,10,85,Y,0.32,25,70,9,29,72.8,589,47,5,15,20,11,82,13,7,4,700:1,22.9,19.1,53.0
"Jackson, KENTUCKY",12973,41007,32,73,37,0.0,5.6,62.9,23,13,30,13,47,67,38,6.4,43,31,10,6.0,6.5,119,15.3,23,4328:1,3243:1,4324:1,3507,26,26,12,63,40,,83,Y,0.6,21,79,11,0,70.9,706,,,19,23,14,148,,9,5,1297:1,23.3,18.1,100.0
"Jefferson, KENTUCKY",773399,64719,20,91,70,9.8,3.8,79.4,16,16,19,16,21,92,28,8.1,37,18,9,3.9,5.7,124,17.9,22,1093:1,944:1,261:1,3046,48,53,14,24,36,8,89,N,0,35,62,13,176,74.1,524,71,6,12,18,11,514,62,8,3,411:1,21.8,17.6,1.6
"Jessamine, KENTUCKY",54254,69216,16,90,63,11.4,3.2,95.5,15,4,18,16,19,89,27,7.9,37,19,9,4.2,5.5,103,24.1,26,1341:1,2713:1,631:1,1924,44,51,12,37,37,7,89,N,0,43,69,12,49,76.3,442,44,6,13,18,10,163,49,8,5,1005:1,23.3,16.8,24.7
"Johnson, KENTUCKY",22244,42877,31,83,58,4.4,5.9,91.5,16,7,24,13,27,60,35,6.9,38,27,10,5.3,6.3,107,33.9,30,1735:1,7415:1,543:1,6816,33,36,14,25,40,,85,Y,0.11,43,69,12,20,70.5,729,,,16,21,12,58,25,8,4,890:1,22.1,19.5,73.8
"Kenton, KENTUCKY",170313,77284,14,92,72,7.2,3.3,97.6,16,3,17,17,23,86,25,8.0,34,18,9,4.0,5.0,106,25.7,26,1145:1,1812:1,460:1,3655,46,55,11,28,37,6,90,N,0,38,69,10,155,76.1,439,55,9,12,17,9,262,57,7,3,518:1,22.9,15.9,6.7
"Knott, KENTUCKY",13874,38456,42,72,55,5.7,6.1,59.2,25,,29,12,27,13,39,6.4,40,30,9,5.9,6.7,157,20.8,32,4684:1,2775:1,2312:1,4617,30,34,16,44,41,,76,Y,0.3,24,73,13,3,69.5,791,,,19,23,14,50,97,9,5,1261:1,20.0,21.0,100.0
"Knox, KENTUCKY",29791,36573,41,79,46,7.7,5.3,71.8,12,6,30,13,46,22,38,4.6,42,30,11,6.0,6.8,103,23.6,27,3739:1,3310:1,1103:1,3439,29,23,13,35,40,18,80,Y,0.26,48,64,14,24,70.6,752,60,8,19,23,14,48,42,9,3,465:1,23.4,17.7,62.0
"Larue, KENTUCKY",15163,53939,23,84,58,12.6,4.4,68.3,25,,22,15,33,57,31,7.4,41,23,10,4.9,5.8,98,21.2,24,7514:1,5054:1,1685:1,2357,40,43,12,43,39,,79,Y,0.57,40,75,14,3,73.1,552,84,,15,20,11,,27,9,5,3033:1,22.4,18.0,100.0
"Laurel, KENTUCKY",62885,50721,25,84,52,5.3,4.2,86.5,16,8,24,14,36,68,32,6.5,47,25,9,5.2,6.0,94,28.4,38,2607:1,2515:1,1123:1,3114,34,34,13,25,40,8,85,Y,0.24,46,71,10,34,73.0,589,50,7,16,21,12,111,25,9,4,537:1,22.6,17.3,61.0
"Lawrence, KENTUCKY",16109,42776,29,77,37,5.5,5.3,82.1,18,,27,13,32,11,36,6.4,42,29,10,5.5,6.3,137,20.9,36,2715:1,4027:1,102:1,4490,35,41,14,48,40,14,76,Y,0.56,39,74,10,5,71.1,706,,,17,21,13,37,51,9,4,620:1,24.0,18.9,76.0
"Lee, KENTUCKY",7261,34632,45,73,38,4.0,5.4,71.2,30,,31,13,48,80,40,6.6,41,32,8,6.1,6.6,190,,41,,7261:1,807:1,9334,24,22,14,43,42,,72,N,0,37,70,7,0,68.1,849,,,19,23,14,139,90,8,3,1210:1,17.8,18.3,100.0
"Leslie, KENTUCKY",10093,36666,37,82,57,3.9,6.6,66.3,23,,29,13,25,100,38,5.8,44,29,10,5.8,6.8,169,22.1,25,5139:1,5047:1,1682:1,4686,18,22,16,59,41,,78,Y,0.25,27,87,10,1,68.8,882,,,18,23,14,,40,8,4,481:1,21.4,19.8,100.0
"Letcher, KENTUCKY",20893,37854,35,79,56,4.2,6.1,79.5,18,7,28,12,33,68,37,,42,29,10,5.7,6.4,133,18.5,26,1771:1,2612:1,1229:1,8805,29,27,13,43,41,,80,N,0,41,74,10,13,68.8,816,59,,18,22,13,50,48,9,4,653:1,21.6,21.1,100.0
"Lewis, KENTUCKY",12954,44098,31,79,40,3.1,7.2,45.1,21,,30,13,39,3,38,7.0,43,32,9,6.0,6.6,123,13.7,26,6494:1,3239:1,2591:1,3783,30,32,11,59,42,,79,Y,0.73,29,79,9,5,70.9,699,86,,19,23,14,73,53,9,4,996:1,22.4,19.9,100.0
"Lincoln, KENTUCKY",24360,49814,24,83,49,11.1,4.7,74.9,14,,24,14,40,40,33,7.1,41,26,9,5.2,6.1,127,23.8,26,4041:1,12180:1,1059:1,3470,33,29,11,42,40,,79,Y,0.61,36,79,11,13,71.2,670,79,,16,21,12,,48,9,4,902:1,24.3,18.6,99.9
"Livingston, KENTUCKY",8963,55355,23,87,51,13.4,4.8,53.1,20,,22,14,32,48,29,6.9,39,23,8,4.9,5.8,101,18.6,29,2986:1,8963:1,1793:1,4542,43,37,11,37,38,,83,Y,1,19,82,10,4,72.7,628,,,15,20,11,91,,7,4,689:1,20.3,22.6,95.3
"Logan, KENTUCKY",27877,56823,20,88,53,14.8,3.5,68.1,12,,22,15,38,43,31,7.9,41,23,8,4.9,6.0,82,17.5,26,4629:1,3982:1,1742:1,3571,44,49,11,42,40,14,82,Y,0.45,36,74,9,17,74.2,511,114,10,15,20,11,109,17,9,6,1549:1,24.1,19.0,75.8
"Lyon, KENTUCKY",9101,58938,18,91,31,8.0,4.2,44.3,28,,20,16,23,64,28,7.9,39,22,8,4.5,5.5,133,14.8,,2934:1,4551:1,1517:1,3660,45,39,11,33,39,,86,Y,0.2,18,82,9,13,75.6,450,,,13,18,10,151,,8,5,758:1,13.6,23.8,100.0
"Madison, KENTUCKY",95187,60994,19,91,69,8.7,3.6,124.1,16,4,19,16,15,75,27,7.1,41,20,9,4.3,5.9,110,35.1,43,2104:1,2115:1,532:1,2567,42,40,13,37,41,6,87,Y,0.17,63,61,12,63,74.3,540,34,4,13,19,10,85,74,8,4,942:1,20.9,14.8,36.2
"Magoffin, KENTUCKY",11357,35669,37,72,39,2.6,10.5,70.1,,,30,12,41,6,39,5.8,46,31,11,6.0,6.7,147,19.1,11,2874:1,2839:1,568:1,4782,29,33,17,54,41,,77,Y,0.28,32,75,15,5,69.4,783,,,19,23,14,,53,10,4,631:1,22.4,19.2,100.0
"Marion, KENTUCKY",19775,53676,21,84,47,4.6,3.3,72.3,15,7,23,14,32,49,32,7.1,40,24,10,4.9,6.0,119,38.7,31,1973:1,3296:1,520:1,2441,46,38,13,20,41,,83,Y,0.33,52,74,11,28,73.4,560,133,,15,20,11,67,48,8,4,732:1,23.6,17.5,68.3
"Marshall, KENTUCKY",31777,64395,17,92,66,17.6,4.1,84.9,14,,19,16,24,52,27,8.2,37,20,8,4.3,5.3,89,15.2,27,2442:1,2889:1,2648:1,2821,46,45,9,28,38,,84,Y,0.36,33,83,8,16,74.6,480,93,,13,18,10,66,15,7,4,1324:1,19.9,22.7,85.2
"Martin, KENTUCKY",11095,34435,40,75,43,3.6,7.3,76.3,,,26,14,42,36,35,6.8,40,27,12,5.3,6.1,112,30,37,2785:1,11095:1,1387:1,5004,22,29,11,42,41,,80,N,0,39,79,13,3,71.6,692,,,16,21,12,83,63,8,3,1585:1,19.0,17.9,100.0
"Mason, KENTUCKY",16930,49029,26,86,61,15.4,4.8,64.7,17,,22,14,34,65,30,7.4,37,23,8,4.7,5.5,101,19.3,19,1881:1,1209:1,199:1,2582,37,41,11,27,39,,82,Y,0.32,36,69,12,27,72.0,626,81,,15,19,11,134,27,8,4,513:1,23.2,19.3,53.5
"McCracken, KENTUCKY",67490,60026,22,93,65,16.3,4.0,96,21,5,20,14,30,86,28,6.8,34,21,9,4.4,5.8,91,32.5,27,992:1,1071:1,386:1,3054,53,51,14,13,38,,88,Y,0.15,39,67,12,57,74.8,502,49,5,13,19,11,241,18,7,4,245:1,21.5,21.1,26.8
"McCreary, KENTUCKY",16701,35443,43,78,41,4.1,5.2,69.6,21,,31,13,44,100,39,6.7,44,31,10,5.9,6.6,96,19.7,32,16892:1,8351:1,835:1,3735,30,25,14,54,43,,72,Y,0.21,24,70,10,10,70.8,725,,,19,23,15,189,,10,4,440:1,21.6,16.4,100.0
"McLean, KENTUCKY",9105,55555,17,91,59,18.7,4.4,42.7,24,,19,15,29,2,28,8.4,39,20,10,4.5,5.6,74,24,16,,9105:1,2276:1,3645,47,45,9,48,39,,84,Y,1,24,80,6,0,74.9,503,,,13,19,10,92,,8,6,3035:1,23.2,20.1,100.0
"Meade, KENTUCKY",30001,69632,16,90,60,6.3,4.4,87.1,21,,20,15,22,51,28,7.7,38,21,7,4.6,6.0,103,23.5,33,4304:1,4286:1,1667:1,2725,45,41,10,49,40,,89,Y,0.54,38,74,9,8,74.8,506,42,,13,19,10,75,34,7,4,2308:1,21.8,15.7,90.6
"Menifee, KENTUCKY",6250,43226,38,80,42,0.0,5.6,80.2,,,27,13,41,84,36,6.8,44,28,9,5.4,6.3,165,36.1,20,2065:1,6250:1,284:1,4129,32,33,8,70,39,,71,Y,1,20,74,8,1,72.1,591,,,17,21,12,110,,9,4,417:1,17.7,21.4,100.0
"Mercer, KENTUCKY",22902,65292,18,90,63,10.5,3.7,85.2,15,,20,15,31,49,28,8.0,39,21,10,4.5,5.6,96,19.4,29,3808:1,4580:1,790:1,4079,36,34,9,40,39,,84,Y,0.2,38,74,8,27,74.0,532,,,13,18,10,62,36,8,4,1272:1,21.8,19.3,56.8
"Metcalfe, KENTUCKY",10370,44973,33,83,49,6.8,4.5,70.2,24,,24,14,42,56,32,7.6,40,25,10,5.0,5.9,101,21.1,28,5175:1,5185:1,943:1,2713,29,38,10,30,40,,82,Y,0.56,33,78,8,2,72.8,614,,,15,20,11,,,8,4,1481:1,23.3,19.7,100.0
"Monroe, KENTUCKY",11355,45872,29,82,47,7.1,3.3,40.7,,,25,14,43,43,33,7.2,40,26,9,5.2,6.1,95,,17,2247:1,1893:1,1622:1,9005,32,35,13,36,40,,77,Y,0.35,17,71,11,0,72.6,624,111,,16,21,12,,,9,5,1419:1,23.3,19.5,100.0
"Montgomery, KENTUCKY",28367,55924,18,85,54,8.2,4.5,75.2,14,,22,15,42,32,32,7.1,42,24,9,4.7,5.5,114,33.8,25,2016:1,1891:1,209:1,2976,42,47,12,38,39,,88,Y,0.17,45,66,11,33,72.6,607,38,9,15,20,11,127,65,8,4,556:1,22.9,16.8,50.5
"Morgan, KENTUCKY",14120,41863,31,77,42,2.2,5.3,65.8,14,,26,14,43,51,34,6.8,43,27,8,5.4,6.1,99,16,21,13820:1,3530:1,455:1,4460,28,30,13,46,42,,77,Y,0.64,43,79,11,0,73.7,547,,,16,20,12,,42,8,3,1284:1,17.5,17.7,100.0
"Muhlenberg, KENTUCKY",30455,48190,27,84,50,19.5,5.7,71.9,17,,23,14,44,61,31,7.4,41,24,10,5.2,5.8,110,24.5,28,3069:1,3807:1,1171:1,3370,44,29,14,34,39,,82,Y,0.31,42,82,10,15,73.3,584,67,,15,20,11,88,22,8,4,743:1,20.5,20.3,63.5
"Nelson, KENTUCKY",47392,66681,15,92,63,9.3,3.8,72.1,21,5,18,16,22,62,26,8.9,36,19,7,4.3,5.5,104,18.5,29,1884:1,1755:1,658:1,2864,47,49,9,39,38,,89,Y,0.22,46,77,10,30,74.7,484,38,,12,18,10,76,42,6,3,752:1,22.8,17.4,62.2
"Nicholas, KENTUCKY",7805,51100,26,82,43,10.4,4.1,36.4,,,25,14,36,8,34,7.7,42,26,9,5.2,6.2,121,26.5,20,7712:1,7805:1,2602:1,1635,35,48,12,66,39,,75,Y,0.26,26,71,10,3,73.0,591,,,16,21,12,,59,9,5,867:1,24.3,16.3,100.0
"Ohio, KENTUCKY",23527,50275,23,82,49,12.7,4.9,60.8,22,,22,15,42,38,32,7.9,40,24,9,5.0,5.9,81,22.9,32,4738:1,3921:1,2353:1,3608,42,36,12,47,38,,79,Y,0.41,31,78,9,4,73.9,540,63,,15,20,11,35,,9,4,905:1,23.5,18.9,76.2
"Oldham, KENTUCKY",69431,116173,4,94,77,6.4,3.3,60.8,14,,14,18,6,92,21,9.3,31,14,6,3.4,4.8,57,17.1,18,1675:1,2480:1,837:1,2240,54,52,7,46,34,,95,Y,0.12,32,87,6,37,79.6,308,33,,10,15,8,145,19,4,3,1578:1,24.4,14.7,25.2
"Owen, KENTUCKY",11290,60592,20,84,49,12.4,3.4,100.7,19,,21,15,28,23,29,8.0,38,23,7,4.7,5.7,155,30.4,35,2824:1,2258:1,2258:1,2459,34,36,14,58,37,,73,Y,1,49,86,9,2,73.0,528,,,14,19,10,62,54,9,6,2823:1,21.2,20.4,100.0
"Owsley, KENTUCKY",3929,32783,44,71,36,0.0,6.9,65.9,,,28,13,27,84,37,6.0,44,30,10,5.7,6.4,222,25.3,,,1965:1,655:1,3028,24,26,15,36,40,,70,N,0,56,63,8,0,65.8,1001,,,18,22,13,,87,9,4,655:1,22.7,20.7,100.0
"Pendleton, KENTUCKY",14676,65727,18,86,50,9.6,3.5,72.1,23,,22,15,36,29,30,8.0,38,24,9,4.9,5.7,141,11.4,32,3652:1,7338:1,1835:1,4927,41,47,19,64,40,,76,Y,1,34,74,17,2,72.1,563,96,,14,19,11,57,62,8,5,3669:1,22.8,17.7,100.0
"Perry, KENTUCKY",27361,43945,30,80,61,4.7,5.0,75.2,12,11,26,14,43,33,33,6.9,42,27,9,5.2,6.6,162,24.8,26,873:1,1368:1,128:1,6314,28,26,9,29,41,12,85,Y,0.2,35,76,8,17,65.4,1046,80,,16,21,12,107,76,8,3,215:1,23.1,18.4,72.6
"Pike, KENTUCKY",56286,41837,31,80,58,7.3,5.2,73.6,19,4,27,13,32,40,35,6.9,43,27,11,5.5,6.1,127,19.4,29,1335:1,1279:1,605:1,4956,26,40,14,32,40,,80,Y,0.09,35,74,14,21,70.3,752,59,7,17,21,12,51,50,9,4,339:1,20.3,20.4,84.8
"Powell, KENTUCKY",13083,42434,32,82,51,5.3,4.1,95.7,19,,23,15,55,87,32,7.6,40,24,9,5.0,5.9,141,32.5,31,13133:1,3271:1,1006:1,3257,32,31,14,46,41,,71,N,0,61,68,14,8,69.0,784,77,,15,20,11,55,66,7,4,872:1,23.8,16.9,100.0
"Pulaski, KENTUCKY",65795,46380,23,84,58,8.9,4.5,80.5,19,4,24,13,36,54,32,6.8,39,24,9,5.4,6.2,105,25.3,32,1392:1,1430:1,230:1,2878,40,30,15,21,41,9,81,Y,0.29,33,72,13,24,72.6,594,70,7,16,20,12,74,40,9,4,693:1,21.7,19.8,52.6
"Robertson, KENTUCKY",2229,53456,27,84,45,0.0,5.0,,,,23,14,28,2,31,4.9,42,25,9,5.0,6.0,149,,,,2229:0,,4141,24,41,22,58,40,,68,Y,1,,74,13,1,71.3,747,,,15,20,11,,,8,6,2229:1,21.1,22.9,100.0
"Rockcastle, KENTUCKY",16242,45161,30,82,45,6.2,4.6,77.3,20,,25,13,27,57,34,7.5,44,27,9,5.4,6.3,111,29.9,25,2014:1,8121:1,2320:1,4107,33,19,12,40,40,,76,Y,0.34,35,76,10,17,70.8,689,71,,17,21,12,58,54,9,4,706:1,21.1,19.6,100.0
"Rowan, KENTUCKY",24388,50498,26,87,52,5.2,4.6,118.7,14,,23,15,15,97,31,7.4,41,24,8,4.9,6.0,108,24.7,34,1554:1,1626:1,177:1,4716,36,44,12,23,39,,90,N,0,50,61,12,28,73.5,566,38,,15,21,11,98,62,8,4,339:1,19.8,15.0,62.0
"Russell, KENTUCKY",18178,44425,27,83,59,9.4,4.9,74.8,19,,24,14,37,63,32,7.2,41,25,8,5.0,5.7,99,36.7,51,2594:1,3636:1,606:1,2794,42,28,11,27,41,,77,Y,0.09,41,74,9,8,72.5,623,,,16,20,11,33,22,9,5,790:1,22.6,21.1,100.0
"Scott, KENTUCKY",59099,86169,10,94,70,7.4,3.0,84.4,16,4,17,17,18,70,25,8.2,40,17,7,3.9,5.0,85,17.8,18,1713:1,2364:1,882:1,2210,43,45,9,28,36,,90,Y,0.19,45,73,7,69,76.1,431,30,5,12,17,9,95,37,6,3,1037:1,24.1,13.2,32.3
"Shelby, KENTUCKY",48886,81815,12,89,63,9.5,3.4,74.3,18,4,19,16,19,70,27,9.1,36,18,9,4.2,5.0,81,19.1,19,2851:1,2328:1,549:1,2104,46,50,11,43,39,9,91,Y,0.39,49,73,9,45,77.2,389,64,5,12,17,10,142,31,9,5,959:1,21.5,17.2,51.8
"Simpson, KENTUCKY",19949,58550,19,90,57,10.1,3.4,72.2,19,,20,15,28,53,29,8.0,39,21,10,4.6,5.8,87,17.4,32,3944:1,1995:1,997:1,3139,35,46,10,28,39,33,84,N,0,28,66,14,45,72.9,569,76,,13,19,10,110,25,7,4,798:1,22.9,17.1,40.6
"Spencer, KENTUCKY",20204,101552,10,93,62,5.5,3.9,54.1,22,,17,16,16,40,25,,36,18,8,4.1,5.3,79,12.8,27,3319:1,4041:1,5051:1,2626,39,45,9,67,37,12,89,Y,1,30,86,7,1,76.7,392,,,12,17,9,,24,6,4,2245:1,22.5,15.7,100.0
"Taylor, KENTUCKY",26407,52414,24,88,60,14.5,3.7,72.8,13,,20,16,30,68,30,7.8,40,22,9,4.6,5.8,104,29.7,30,1381:1,3301:1,388:1,3218,42,40,8,24,40,,86,Y,0.24,38,68,7,26,72.6,591,44,,14,19,10,46,36,7,4,508:1,22.7,18.5,50.9
"Todd, KENTUCKY",12404,53280,23,79,46,16.3,3.2,39.1,16,,24,14,28,34,33,7.7,41,25,7,5.2,6.0,115,17.4,30,6143:1,12404:1,2481:1,2656,34,36,13,36,41,17,68,Y,1,37,75,8,4,73.7,565,,,16,20,12,131,32,13,8,564:1,27.1,16.9,100.0
"Trigg, KENTUCKY",14332,56433,21,88,65,18.3,4.5,80.5,20,,21,14,29,65,29,7.8,42,21,9,4.6,5.9,109,23,13,,7166:1,7166:1,3154,39,41,13,39,37,,75,Y,1,25,79,12,6,73.0,559,95,,14,19,11,83,,8,4,896:1,21.6,23.3,100.0
"Trimble, KENTUCKY",8539,65828,16,86,49,7.0,4.3,85.6,29,,21,15,30,45,30,,41,23,9,4.7,5.9,136,26.2,48,4265:1,8539:1,4270:1,4598,38,42,14,53,38,,74,Y,1,40,81,10,4,72.7,633,,,14,19,10,0,43,8,5,1708:1,22.0,17.9,100.0
"Union, KENTUCKY",12961,58223,25,91,48,11.8,4.3,60.2,25,,22,15,36,69,31,5.8,40,24,14,4.8,5.9,113,24.8,14,4515:1,1620:1,1852:1,4338,45,32,4,29,41,37,85,Y,0.3,23,73,10,11,73.9,542,76,,15,19,11,109,28,8,4,1296:1,18.2,20.4,100.0
"Warren, KENTUCKY",139843,60651,20,89,66,8.7,3.6,94.9,16,5,20,15,17,66,27,7.8,39,20,9,4.5,5.8,70,21.9,27,1525:1,1520:1,303:1,2792,44,47,16,19,38,3,90,Y,0.26,38,57,14,61,75.8,456,54,6,13,18,11,155,22,10,4,703:1,23.1,13.6,27.3
"Washington, KENTUCKY",12061,59937,18,88,59,13.3,3.4,67.5,18,,20,15,23,18,29,8.0,42,21,10,4.5,5.6,96,19.6,46,3018:1,2010:1,709:1,2696,40,42,8,36,38,,76,Y,0.46,22,79,9,4,75.4,452,,,13,19,10,139,30,8,6,1340:1,22.6,19.6,100.0
"Wayne, KENTUCKY",19681,39863,39,76,43,6.7,5.0,68.8,26,,26,13,46,34,36,6.5,43,27,9,5.4,5.9,105,18.5,26,1954:1,3280:1,635:1,3164,33,32,10,30,40,,77,Y,0.33,30,74,12,18,73.2,592,,,17,21,12,96,23,9,4,820:1,20.2,22.7,65.8
"Webster, KENTUCKY",12726,56052,21,86,48,17.2,3.9,44.5,30,,24,14,46,25,33,6.6,40,25,12,5.0,5.9,113,20.4,28,6407:1,6363:1,2121:1,4181,41,43,10,43,40,,79,Y,0.72,20,72,8,1,71.9,615,76,,15,20,12,,,10,6,670:1,23.4,18.8,100.0
"Whitley, KENTUCKY",36873,43604,35,82,53,8.4,4.4,94.6,23,11,24,15,44,70,32,7.1,42,26,11,5.1,6.3,126,27.2,44,1154:1,1317:1,57:1,2525,31,30,14,31,39,,78,Y,0.22,47,67,13,36,70.0,765,59,5,16,21,12,27,36,8,3,277:1,25.8,16.0,63.7
"Wolfe, KENTUCKY",6400,37718,43,64,32,0.0,5.6,92.7,34,,34,12,45,32,42,5.4,43,35,9,6.4,6.7,179,25.9,22,3254:1,6400:1,457:1,3834,25,29,17,43,42,,72,Y,0.41,26,68,7,6,65.8,945,144,,21,25,15,,82,10,5,492:1,22.4,20.3,100.0
"Woodford, KENTUCKY",27062,76633,14,91,70,8.9,3.0,62.1,18,,16,15,13,84,24,7.9,36,16,8,3.8,5.0,100,23.9,32,1289:1,2082:1,846:1,2453,45,54,11,35,36,,89,Y,0.23,28,72,8,41,76.5,438,46,,11,16,9,118,45,7,5,1230:1,21.2,21.2,37.2
"Adams, INDIANA",36068,60620,18,87,50,14.5,2.2,50.5,8,,20,16,20,56,29,8.2,40,23,7,4.3,5.6,67,12.1,19,2569:1,2576:1,2576:1,2442,39,41,16,21,35,19,76,Y,0.18,33,82,8,35,76.6,410,93,9,13,19,11,22,17,14,11,1503:1,31.0,16.5,70.8
"Allen, INDIANA",391449,65967,14,90,67,11.0,2.9,80.9,15,11,16,17,22,85,24,7.5,38,18,9,3.8,5.2,88,21.5,27,1354:1,1450:1,432:1,2985,44,52,11,20,33,6,89,Y,0.07,39,69,10,81,76.0,425,67,7,11,16,11,189,33,11,6,440:1,25.1,15.7,12.9
"Bartholomew, INDIANA",83540,68910,13,92,69,10.5,2.4,105,16,3,15,16,23,71,24,7.6,36,16,8,3.4,4.5,85,23.7,31,1269:1,1266:1,546:1,2954,47,60,11,21,33,8,90,Y,0.41,51,70,11,67,76.9,414,59,8,10,15,10,88,30,10,6,739:1,24.0,17.2,30.7
"Benton, INDIANA",8719,62248,14,89,61,6.9,2.4,108.8,27,,19,16,17,48,30,8.1,41,23,7,4.2,5.6,94,44.2,27,4357:1,2180:1,2180:1,2988,51,48,11,50,36,,85,Y,1,51,78,8,10,75.9,469,,,13,19,12,138,,13,9,,24.2,18.2,100.0
"Blackford, INDIANA",11919,54825,19,90,56,13.2,3.5,72.7,,,20,15,35,42,32,7.0,41,24,7,4.5,5.7,94,13.8,33,1511:1,5960:1,2980:1,1826,37,37,10,39,37,,84,Y,0.29,24,76,12,40,73.0,586,,,14,19,12,,34,9,5,2384:1,22.1,22.0,49.3
"Boone, INDIANA",74164,102805,5,95,81,10.8,2.0,72.2,16,4,12,18,9,83,20,9.2,34,13,7,3.0,4.4,72,19.9,24,474:1,2060:1,693:1,2511,46,56,9,40,32,,93,Y,0.19,39,80,9,68,78.0,335,46,4,9,14,8,92,31,6,4,904:1,25.1,15.0,27.2
"Brown, INDIANA",15570,74161,14,93,63,9.6,3.3,80.4,24,,15,16,13,49,24,8.9,36,18,8,3.5,5.2,96,22.2,29,3110:1,15570:1,1112:1,2312,48,50,14,57,33,,87,Y,1,21,86,9,5,77.5,391,,,11,17,9,94,31,10,7,2595:1,16.5,26.7,100.0
"Carroll, INDIANA",20555,64731,13,90,58,12.2,2.9,77.3,13,7,16,17,18,62,26,9.0,40,19,7,3.8,5.2,76,18.2,15,10222:1,2569:1,1285:1,2809,39,49,8,43,38,,80,Y,1,45,79,6,3,79.5,328,56,,11,17,10,29,20,10,7,1285:1,21.6,20.7,94.6
"Cass, INDIANA",37540,60452,19,86,44,11.4,3.2,100.4,15,,20,16,32,74,33,8.2,40,22,8,4.1,5.3,90,32.8,16,2210:1,3128:1,417:1,3217,46,44,11,24,35,,81,Y,0.18,53,75,9,75,75.6,450,95,10,13,18,12,95,19,13,7,894:1,22.4,19.1,46.2
"Clark, INDIANA",124237,68493,13,91,63,8.5,2.7,99.9,15,5,16,18,22,88,26,8.4,39,19,8,3.7,5.2,105,28.7,33,2611:1,2588:1,413:1,3668,45,49,10,30,38,5,85,Y,0.19,44,74,8,90,73.8,538,50,7,11,17,10,237,48,9,5,796:1,21.6,17.0,21.3
"Clay, INDIANA",26379,59057,17,91,56,14.4,3.3,71.3,17,,16,17,32,53,27,8.0,41,20,8,3.8,5.5,73,18.3,32,2032:1,4397:1,2198:1,3520,40,38,8,48,34,,86,Y,0.28,37,78,6,48,75.6,434,84,9,12,18,10,86,,9,6,1649:1,22.8,19.2,60.0
"Clinton, INDIANA",32843,60916,15,87,47,12.1,2.5,101.6,23,,18,17,27,69,29,8.8,38,20,8,3.9,5.0,96,32.6,33,6613:1,2190:1,2053:1,2393,44,51,10,28,37,,82,Y,0.25,62,73,7,67,75.3,472,59,7,12,17,11,104,33,14,8,3649:1,26.1,16.8,49.5
"Crawford, INDIANA",10536,53547,25,86,45,3.8,3.5,96.7,,,21,15,30,74,33,7.4,43,25,10,4.4,5.7,89,36,31,,,1505:1,2367,40,39,11,67,36,,66,Y,1,40,79,10,3,74.2,553,,,14,20,12,89,47,12,7,2107:1,20.8,21.0,100.0
"Daviess, INDIANA",33418,63777,14,77,44,14.1,2.3,67.9,10,,20,17,20,52,31,8.4,36,23,6,4.3,5.3,65,9,25,2386:1,3342:1,1152:1,3071,42,36,14,26,35,11,79,Y,0.43,33,70,8,38,76.5,417,45,,13,19,11,118,,19,21,760:1,29.4,15.9,61.3
"Dearborn, INDIANA",51138,77621,12,91,66,10.8,2.6,124.7,24,3,15,17,15,57,24,8.1,37,19,7,3.7,4.8,86,47,30,2209:1,4262:1,556:1,3424,46,53,9,51,35,,88,Y,0.37,86,83,8,36,76.6,416,39,,11,17,10,44,30,8,5,1218:1,21.8,19.3,60.2
"Decatur, INDIANA",26416,65847,14,91,63,14.4,2.6,104.6,11,,16,18,27,55,26,8.3,40,19,7,3.6,5.3,63,28.2,28,1645:1,2642:1,2401:1,2643,43,31,8,29,34,17,86,Y,0.27,61,74,8,49,74.5,466,68,,11,17,10,87,36,8,5,1101:1,23.3,17.7,52.7
"DeKalb, INDIANA",43731,72910,12,91,53,14.1,2.6,85.3,13,,16,19,24,61,28,8.0,38,20,7,3.7,5.6,70,28.1,29,2167:1,2302:1,1562:1,2497,42,48,8,25,32,8,83,Y,0.31,37,82,7,48,75.9,429,70,,11,17,10,64,22,10,6,1286:1,24.0,17.3,53.0
"Delaware, INDIANA",112031,54059,21,91,65,13.1,3.5,120.5,17,6,18,16,14,78,26,6.6,39,22,8,4.1,5.8,116,34.3,29,874:1,1535:1,308:1,3930,43,54,16,23,36,5,86,Y,0.1,56,66,14,68,73.1,578,65,8,13,18,11,137,57,10,4,714:1,17.8,17.7,23.1
"Dubois, INDIANA",43632,71171,10,90,61,12.4,2.2,64.7,17,,15,16,17,75,25,8.6,39,18,8,3.6,5.0,67,18.2,16,1320:1,1283:1,727:1,1999,46,50,8,15,34,,84,Y,0.13,26,77,9,42,78.1,341,44,7,11,17,10,61,12,9,6,949:1,24.1,19.0,47.6
"Elkhart, INDIANA",206890,63777,16,82,46,12.7,2.5,67.5,12,5,19,15,28,73,30,8.0,38,20,7,3.9,5.4,64,18,26,2049:1,2434:1,589:1,2333,42,50,12,22,35,8,87,Y,0.14,35,71,11,78,77.0,405,68,9,12,17,11,124,15,15,9,949:1,26.9,15.8,23.3
"Fayette, INDIANA",23349,54892,19,85,50,12.4,4.4,117.3,20,,20,16,38,69,31,6.9,41,24,7,4.4,5.7,151,36.2,39,2336:1,2919:1,973:1,3989,39,44,12,37,35,,82,Y,0.13,54,70,11,69,71.8,617,77,12,14,19,11,71,88,10,6,1459:1,21.8,20.8,38.5
"Floyd, INDIANA",80714,74264,13,92,67,10.3,2.5,91.7,14,4,15,17,16,85,24,8.3,37,17,8,3.7,5.1,92,20.9,29,1788:1,1170:1,626:1,2510,49,51,9,29,35,,85,Y,0.08,41,74,8,133,75.0,469,50,5,11,17,9,158,47,8,6,542:1,22.3,17.6,34.1
"Fountain, INDIANA",16574,63973,16,89,59,15.2,2.8,66.5,18,,17,16,25,52,27,8.1,38,21,8,4.0,5.4,91,18.3,17,4107:1,2762:1,1105:1,3500,44,42,9,44,34,,86,Y,0.86,23,74,8,15,73.7,539,64,,12,18,11,36,32,9,5,2762:1,21.3,20.4,100.0
"Franklin, INDIANA",23028,74779,12,90,59,5.3,2.7,93.5,21,,16,17,18,43,25,8.7,34,20,7,3.6,5.1,98,29.3,18,1428:1,1439:1,3290:1,3324,46,49,7,51,34,,82,Y,0.44,47,81,8,21,76.2,436,48,,11,17,10,31,35,9,6,2093:1,22.4,19.8,88.9
"Fulton, INDIANA",20327,62412,17,87,53,17.7,3.0,110.7,17,,17,16,26,39,27,8.0,36,21,8,3.9,5.1,88,36,35,2039:1,2259:1,1196:1,2135,42,34,10,37,35,,86,Y,0.27,46,78,12,34,74.4,544,92,12,12,18,11,88,36,12,7,1694:1,23.3,20.5,64.2
"Gibson, INDIANA",32993,66247,12,91,60,14.9,2.2,65.2,19,,16,16,24,67,26,8.5,37,20,8,3.8,5.5,85,18.1,28,2533:1,1736:1,2538:1,2451,54,54,10,29,32,,86,Y,0.53,30,76,8,39,76.9,395,46,,12,17,10,58,10,8,5,1222:1,23.6,18.0,74.7
"Grant, INDIANA",66022,51053,29,89,58,15.4,3.3,78.3,20,7,19,16,25,73,30,7.0,40,23,10,4.2,5.9,120,25.9,19,2367:1,1572:1,339:1,3841,44,45,12,25,35,5,84,Y,0.18,40,72,12,59,71.9,620,99,9,13,19,11,126,49,10,5,1000:1,21.2,19.7,38.6
"Greene, INDIANA",31006,61663,18,88,58,15.9,3.8,85.9,16,,18,16,25,45,28,7.6,37,22,9,4.0,5.5,87,30,26,3421:1,2215:1,1409:1,3743,39,37,13,44,36,,79,Y,0.69,30,75,10,24,74.7,482,76,,12,18,11,88,19,11,7,1723:1,21.4,20.3,82.8
"Hamilton, INDIANA",364921,117068,4,97,87,9.8,2.1,78.6,11,1,10,17,4,92,17,9.0,29,10,7,2.5,4.2,46,17.4,23,721:1,1347:1,541:1,2105,53,60,8,43,27,4,96,Y,0.01,35,76,7,86,81.0,228,36,5,8,13,8,95,13,6,4,861:1,25.0,14.0,5.7
"Hancock, INDIANA",83070,87845,5,93,75,8.2,2.6,77.4,14,2,13,17,9,69,22,8.4,33,16,6,3.4,4.4,70,18.8,33,1203:1,2967:1,884:1,2495,52,57,8,43,33,,91,Y,0.05,42,80,7,45,77.9,357,34,4,10,15,9,93,25,7,5,1567:1,22.8,17.3,27.7
"Harrison, INDIANA",39851,72259,10,90,55,7.5,2.5,79.6,18,4,16,18,19,42,26,8.9,38,20,8,3.9,5.3,96,21.9,41,2093:1,2491:1,2491:1,2875,49,50,7,55,34,,80,Y,0.48,41,83,5,9,74.8,492,59,,12,18,10,71,41,8,6,1423:1,21.8,19.7,85.6
"Hendricks, INDIANA",182534,94760,6,93,73,8.4,2.4,80.9,14,2,13,18,8,77,22,8.8,34,15,7,3.1,4.8,66,22.9,25,2062:1,2147:1,770:1,2518,52,56,8,41,35,3,93,Y,0.09,46,78,7,65,78.8,299,33,5,9,14,9,128,24,7,4,966:1,24.1,15.1,15.2
"Henry, INDIANA",48915,54714,16,91,53,13.3,3.2,84.3,18,4,17,17,23,77,27,7.7,38,21,8,3.9,5.2,93,19.6,27,2447:1,2718:1,923:1,4151,39,36,10,36,36,14,84,Y,0.28,33,75,9,40,74.2,534,55,6,12,17,11,119,24,9,4,906:1,20.2,19.8,62.1
"Howard, INDIANA",83574,56960,21,91,60,14.6,5.0,113.7,18,7,17,16,28,73,27,7.2,42,20,9,3.9,5.0,118,32.7,39,1819:1,1114:1,442:1,3214,45,45,10,22,35,4,86,Y,0.18,54,72,9,64,73.0,574,64,7,12,17,11,176,47,8,4,727:1,22.6,20.1,25.7
"Huntington, INDIANA",36834,59491,14,93,62,16.6,2.6,94.5,15,,16,16,21,76,24,7.7,38,20,9,3.8,5.2,86,21.3,36,1836:1,2456:1,877:1,2937,47,49,10,32,35,,83,Y,0.21,54,76,8,48,75.4,442,56,,12,17,10,100,35,9,6,1417:1,21.6,18.6,52.1
"Jackson, INDIANA",46300,66082,12,90,55,12.2,2.7,94.9,19,4,18,17,40,74,27,7.4,41,20,7,3.9,5.1,104,29.7,33,1486:1,1597:1,1129:1,1568,43,51,11,30,35,,80,Y,0.28,43,73,8,70,75.0,465,59,6,12,17,11,145,37,12,7,723:1,24.4,17.7,47.8
"Jasper, INDIANA",33281,75738,13,93,58,12.4,3.3,83,15,,16,18,16,59,25,8.4,35,19,8,3.7,5.0,92,22.4,44,4136:1,2773:1,1752:1,2870,41,43,9,49,37,,89,Y,0.43,45,81,6,15,76.0,435,52,9,11,17,10,93,28,10,6,1109:1,22.7,18.9,83.3
"Jay, INDIANA",20198,57690,21,87,50,13.8,2.7,69.3,24,,19,17,30,49,30,7.2,38,23,9,4.2,5.7,125,21.5,26,3375:1,4040:1,1122:1,1510,44,49,10,26,36,,79,Y,0.39,37,77,9,26,74.2,505,71,11,13,19,11,72,46,10,5,1554:1,25.2,19.0,68.9
"Jefferson, INDIANA",32946,64214,15,88,50,11.8,2.8,88.7,17,,17,17,26,69,28,8.0,39,21,8,3.9,5.6,102,22.9,26,1657:1,1647:1,804:1,3379,46,52,11,28,37,,80,Y,0.35,26,70,9,41,75.0,473,76,,12,18,10,123,27,9,6,867:1,19.8,19.5,47.4
"Jennings, INDIANA",27536,63597,17,89,51,5.5,3.3,86.6,26,,17,18,38,35,28,7.3,38,21,7,4.1,5.7,111,23.8,34,2284:1,3934:1,888:1,2596,40,45,10,34,36,,85,Y,0.33,37,81,9,44,73.7,548,68,,12,18,11,35,39,9,5,1620:1,23.0,17.1,74.9
"Johnson, INDIANA",165782,83036,9,93,69,8.6,2.4,94.2,16,2,14,17,14,83,24,8.5,39,17,7,3.4,4.9,70,24.8,32,1245:1,1480:1,786:1,2863,46,54,10,42,32,7,91,Y,0.08,43,74,11,73,76.9,373,50,6,10,16,10,122,31,9,5,754:1,24.0,15.8,12.7
"Knox, INDIANA",35789,58238,18,89,56,17.2,2.7,81.5,17,4,18,16,23,62,29,7.9,40,22,9,4.1,5.1,92,23.3,18,1383:1,1988:1,465:1,3010,45,51,13,23,36,,85,Y,0.4,36,65,8,54,73.9,541,56,8,12,18,11,102,12,10,5,596:1,21.1,18.9,45.4
"Kosciusko, INDIANA",80826,71611,13,88,58,15.9,2.5,75.2,13,,16,18,23,60,25,8.4,37,19,7,3.6,4.9,69,19.5,24,2289:1,3109:1,515:1,3371,45,46,11,21,34,,85,Y,0.51,35,76,9,44,76.8,417,53,7,11,17,10,57,19,12,8,1443:1,23.2,18.6,48.4
"LaGrange, INDIANA",40866,81010,9,61,27,7.6,2.2,33.8,14,,20,19,13,31,30,9.2,36,24,5,4.3,5.6,52,10.4,15,4052:1,3144:1,1635:1,2644,36,47,10,34,35,15,66,Y,0.14,19,83,7,9,78.6,322,63,6,13,18,11,45,8,24,26,1858:1,31.4,14.4,100.0
"Lake, INDIANA",499689,66169,21,90,60,9.1,4.6,60.3,12,17,17,17,20,93,26,7.5,41,19,9,3.8,5.4,98,15.4,17,1971:1,1576:1,463:1,4285,41,43,14,42,37,7,86,N,0,35,71,13,124,74.7,497,67,8,12,16,12,258,37,11,6,836:1,23.0,17.9,4.5
"LaPorte, INDIANA",111675,66336,21,90,51,10.2,3.7,66.5,21,6,18,16,26,59,28,7.6,36,20,9,4.0,5.1,101,19.5,22,2676:1,1801:1,852:1,3500,42,51,12,32,38,12,87,Y,0.32,37,74,11,70,74.8,491,67,8,12,17,12,208,38,9,5,915:1,21.0,19.5,36.5
"Lawrence, INDIANA",45222,60141,15,89,57,14.0,3.3,98.3,16,,17,16,25,75,26,8.2,42,20,8,4.0,5.0,88,20.9,33,2504:1,2261:1,1052:1,1459,49,46,10,38,34,,83,Y,0.39,35,79,8,42,74.6,503,59,6,12,18,10,96,29,10,5,1103:1,21.1,20.7,67.9
"Madison, INDIANA",131744,58926,20,90,55,12.8,3.3,97.7,21,6,18,16,28,70,31,6.6,43,21,9,4.1,5.3,114,24.1,29,2076:1,1780:1,662:1,3064,41,49,13,41,40,6,86,Y,0.26,45,70,12,51,73.8,535,60,7,13,18,11,199,41,11,4,998:1,21.2,19.0,24.6
"Marion, INDIANA",969466,62776,21,87,63,11.4,3.2,80.6,15,20,19,17,28,91,28,7.2,37,20,10,3.9,5.4,122,18.8,23,1283:1,1063:1,274:1,3372,44,51,17,31,38,8,87,N,0,37,55,15,191,73.8,544,82,8,12,17,12,625,59,12,5,483:1,24.4,13.5,0.9
"Marshall, INDIANA",46332,70938,13,86,50,15.0,2.6,74,17,,18,16,20,63,28,8.3,37,20,7,3.9,5.3,77,16.1,28,1922:1,2206:1,827:1,2303,41,46,12,34,34,,78,Y,0.59,44,76,8,35,76.8,408,59,8,12,17,10,47,22,14,10,1324:1,24.3,18.9,73.4
"Martin, INDIANA",9803,64216,17,89,59,15.3,2.7,51.6,,,17,17,23,49,26,8.1,40,21,7,4.1,5.4,91,16.5,,3260:1,4902:1,4902:1,2218,40,27,10,49,35,,80,Y,0.64,10,79,9,34,76.2,456,,,12,18,10,85,,10,7,3268:1,21.7,21.3,100.0
"Miami, INDIANA",35674,60835,19,87,47,13.9,4.1,81.3,16,6,19,18,26,57,29,7.2,38,23,8,4.1,5.4,82,28.9,26,4510:1,3964:1,1551:1,3009,43,37,10,31,37,,83,Y,0.49,33,75,9,34,74.5,505,69,,13,18,11,117,26,10,5,1982:1,20.8,18.5,45.6
"Monroe, INDIANA",139745,64299,14,95,81,9.5,2.8,112.8,12,3,15,20,6,88,22,7.7,34,16,8,3.9,5.5,60,27.8,31,1706:1,1625:1,288:1,1831,49,57,18,19,33,2,89,Y,0.12,42,55,19,78,78.5,346,38,6,11,17,11,189,27,10,5,747:1,15.6,14.8,21.2
"Montgomery, INDIANA",38273,66283,16,89,57,11.0,2.5,96.6,17,4,17,17,29,63,26,8.2,36,20,8,3.8,5.0,91,17.6,32,3460:1,1418:1,851:1,2420,50,55,10,31,35,,87,Y,0.38,48,75,10,48,76.8,409,51,,12,17,11,113,32,9,6,1367:1,22.6,19.0,52.9
"Morgan, INDIANA",72236,75542,12,90,56,9.1,2.8,89,22,,16,18,17,68,27,8.3,37,19,8,3.6,5.3,98,25.6,31,2490:1,2125:1,1111:1,2124,46,51,9,54,34,7,88,Y,0.43,37,82,9,52,75.8,431,44,4,11,17,10,100,32,10,7,1290:1,21.7,18.4,54.1
"Newton, INDIANA",13823,66837,16,87,48,5.8,3.6,65.1,16,,17,18,20,28,29,8.0,37,21,7,3.9,5.4,120,26.4,24,13808:1,6912:1,13823:1,2056,36,41,8,47,35,,88,Y,1,28,83,11,10,74.4,504,94,,12,18,10,51,38,13,9,2765:1,20.5,20.7,100.0
"Noble, INDIANA",47367,69567,13,83,45,10.8,2.8,73.7,14,3,17,17,26,61,26,8.6,40,20,7,3.9,5.5,72,24.2,31,2952:1,3947:1,987:1,3007,41,48,9,36,34,7,83,Y,0.59,46,77,6,22,75.8,425,79,9,12,17,10,56,19,14,10,2256:1,24.2,17.7,77.7
"Ohio, INDIANA",6114,70618,12,93,69,8.4,2.2,70.9,,,16,17,18,64,26,,37,20,8,3.8,5.3,82,33.1,33,5978:1,3057:1,,3591,41,50,8,51,34,,82,Y,0.6,66,77,6,3,77.8,426,,,11,17,10,,,9,7,3057:1,20.3,23.4,100.0
"Orange, INDIANA",19623,54128,20,85,50,11.1,3.4,76.8,14,,19,15,30,70,29,8.1,38,23,9,4.2,5.5,92,15.9,41,2479:1,3271:1,1402:1,1455,37,39,8,34,35,,83,Y,0.17,28,78,9,19,73.8,541,76,,13,19,11,90,19,11,7,1308:1,22.5,20.8,100.0
"Owen, INDIANA",21482,62460,20,86,52,9.8,3.2,78.3,21,,19,17,22,39,28,8.2,37,23,9,4.2,5.6,94,20.7,32,7149:1,5371:1,976:1,2558,38,45,12,53,38,,79,Y,0.82,30,80,9,19,73.5,540,94,,13,18,11,93,25,12,9,1343:1,20.3,21.0,100.0
"Parke, INDIANA",16369,64700,21,85,47,14.0,3.0,75.2,14,,20,15,14,47,31,7.6,42,24,6,4.4,5.8,58,30.7,29,3281:1,5456:1,1259:1,4444,42,46,13,48,36,,76,Y,0.71,23,82,9,8,78.2,381,76,,14,20,12,130,,13,10,2046:1,22.4,20.9,99.4
"Perry, INDIANA",19183,55503,17,91,58,9.8,3.1,73,14,,16,18,31,90,25,8.0,40,20,10,3.7,5.2,66,11.2,27,2146:1,3197:1,1279:1,2247,45,41,10,29,34,,81,Y,0.45,32,75,8,51,77.1,396,,,11,17,10,103,,8,4,1279:1,20.5,19.5,54.3
"Pike, INDIANA",12168,63487,16,90,51,18.9,3.2,91.1,14,,17,17,26,46,27,8.7,38,21,9,3.9,5.4,73,23.9,17,3036:1,12168:1,2434:1,3867,36,31,6,43,34,,76,Y,1,52,86,6,18,75.4,484,,,12,18,10,,,10,7,2028:1,22.1,21.1,100.0
"Porter, INDIANA",174791,84352,10,94,68,9.1,3.3,86.4,17,3,15,17,10,80,22,8.1,38,16,7,3.5,5.0,76,21.8,27,1778:1,1665:1,455:1,3614,41,48,11,43,33,5,90,Y,0.08,36,77,10,50,77.5,373,42,4,11,16,10,116,26,7,4,1053:1,21.1,18.4,23.6
"Posey, INDIANA",25063,75907,11,94,69,10.4,2.4,68.2,18,,14,17,14,26,22,8.1,38,18,7,3.6,4.9,66,23.1,17,3140:1,4177:1,8354:1,4177,52,60,9,35,35,,88,Y,1,33,81,10,28,79.0,344,,,11,16,9,66,,7,5,5013:1,21.5,21.1,70.4
"Pulaski, INDIANA",12485,60487,18,88,54,20.3,2.6,96.9,24,,18,16,21,40,28,8.1,40,22,8,4.1,5.5,121,23.3,27,3085:1,6243:1,2081:1,3170,38,31,8,37,36,,85,Y,1,56,77,8,28,72.5,580,117,,13,18,11,57,43,10,6,1135:1,21.8,21.9,100.0
"Putnam, INDIANA",37301,68301,13,91,56,12.7,3.1,110.2,23,,17,18,14,62,27,8.4,36,20,7,3.9,5.4,74,30.3,29,3082:1,2194:1,982:1,3300,41,47,9,42,34,8,85,Y,0.66,55,74,5,41,76.4,432,43,,12,17,11,169,20,9,6,1382:1,19.5,17.5,72.3
"Randolph, INDIANA",24437,56920,23,90,59,13.1,3.0,59.1,18,,18,16,27,43,28,7.6,38,21,8,4.1,5.5,121,13.6,19,6097:1,3491:1,2222:1,3652,45,38,10,33,34,,82,Y,0.67,28,76,7,33,74.1,519,62,,12,18,11,107,56,10,6,1746:1,22.3,20.9,66.6
"Ripley, INDIANA",29087,63571,13,91,54,15.5,3.0,118,19,,16,17,24,32,25,8.7,39,20,6,3.8,5.1,93,40.5,31,29081:1,9696:1,1322:1,2769,50,51,13,42,33,,83,Y,0.43,66,77,10,22,75.7,450,41,8,11,17,10,58,31,10,6,808:1,23.4,19.0,81.4
"Rush, INDIANA",16673,61653,14,89,50,16.2,2.5,90.1,23,,18,16,24,48,29,8.0,39,22,7,4.1,5.4,102,30.5,26,2779:1,2382:1,834:1,3635,50,42,10,37,36,,81,Y,0.45,47,71,12,45,75.4,475,73,,12,18,11,64,22,10,7,1042:1,22.2,19.6,61.4
"Scott, INDIANA",24588,57837,20,82,45,9.4,3.4,99.5,16,,20,17,38,59,31,6.6,38,25,9,4.3,5.6,141,25.7,22,2706:1,3513:1,1294:1,3648,37,41,12,32,39,,81,Y,0.08,59,70,9,54,69.5,739,60,,14,19,11,730,65,10,6,1171:1,22.6,17.1,68.9
"Shelby, INDIANA",44991,66045,19,89,57,11.5,2.5,96.2,20,,16,16,20,54,27,8.2,40,19,7,3.7,5.1,93,25.9,38,2815:1,2647:1,900:1,4002,48,37,11,37,35,10,85,Y,0.24,52,73,11,74,75.6,444,72,8,11,17,10,84,33,9,6,849:1,22.2,18.7,52.6
"Spencer, INDIANA",19967,70440,10,93,65,14.6,2.6,61.3,16,,16,17,20,52,26,9.0,39,19,6,3.7,5.3,62,13.9,24,2828:1,3328:1,2496:1,2216,48,48,7,40,35,,78,Y,0.31,38,80,6,11,76.5,422,68,,11,17,10,30,,9,6,3328:1,21.5,20.9,100.0
"St. Joseph, INDIANA",272234,61028,18,91,66,10.5,3.4,81.4,14,9,17,17,21,83,27,7.7,36,18,9,3.8,5.5,83,17.4,24,1111:1,1565:1,375:1,3187,44,53,13,25,33,5,86,Y,0.84,42,68,12,104,75.5,459,65,8,11,17,11,260,27,10,6,838:1,23.0,16.9,10.0
"Starke, INDIANA",23258,58523,18,85,53,9.0,3.8,72.3,20,,19,17,28,67,29,8.1,42,23,8,4.1,5.8,130,17.8,23,7791:1,4652:1,2326:1,3718,32,33,9,44,36,,81,Y,0.76,40,84,9,15,72.4,619,,,13,19,11,76,52,10,6,1454:1,22.3,20.4,100.0
"Steuben, INDIANA",34725,73250,13,93,58,15.0,2.2,67.6,20,,15,18,23,54,25,7.7,40,19,7,3.7,5.0,67,20.6,22,3463:1,2170:1,1085:1,1566,40,50,9,27,34,,84,Y,0.53,33,80,9,37,78.1,364,64,,11,17,10,61,10,10,6,2894:1,19.4,22.2,63.2
"Sullivan, INDIANA",20670,55497,17,89,51,11.1,3.8,83.8,17,,20,16,28,33,30,7.7,38,23,7,4.4,5.5,73,25.2,22,2965:1,4134:1,2297:1,3793,37,45,13,37,36,,78,Y,0.73,34,76,10,14,75.6,477,97,,13,18,12,122,,10,5,1216:1,18.4,19.1,76.6
"Switzerland, INDIANA",10006,63246,22,83,40,5.1,2.8,137.5,,,20,16,29,51,31,7.3,41,24,8,4.4,5.8,112,48,26,,10006:1,1668:1,3837,35,49,14,59,36,,74,Y,0.74,83,79,7,2,75.2,485,145,,14,19,12,74,32,11,8,5003:1,23.3,19.0,100.0
"Tippecanoe, INDIANA",188717,56088,15,92,72,9.8,2.8,110.9,14,3,16,19,12,81,24,6.6,33,17,8,3.7,5.3,65,29.9,31,1428:1,1868:1,547:1,2533,46,57,16,13,32,3,88,Y,0.11,53,53,16,109,78.3,353,52,7,11,16,11,133,21,10,5,862:1,20.0,12.5,15.7
"Tipton, INDIANA",15361,65025,12,91,59,15.6,2.8,105.6,31,,16,17,19,57,25,8.0,39,18,8,3.8,5.0,78,28.2,18,3843:1,1707:1,1396:1,642,49,53,7,40,34,,87,Y,1,40,81,5,23,76.0,425,94,,11,17,10,46,,8,5,3072:1,20.6,22.1,61.5
"Union, INDIANA",6952,61171,17,89,65,5.7,2.4,143.3,,,16,16,25,62,26,,38,20,6,3.9,5.3,130,28.7,47,7047:1,,6952:1,6659,39,48,10,42,34,,84,Y,0.42,43,79,9,31,75.5,470,,,12,17,10,,,11,8,1738:1,21.3,20.8,100.0
"Vanderburgh, INDIANA",179744,57997,19,91,67,14.8,3.0,102.9,21,8,17,17,23,86,27,7.1,42,20,10,3.9,5.8,105,27.9,33,1286:1,1372:1,392:1,3462,54,59,14,19,35,4,88,Y,0.01,42,65,13,108,74.6,505,74,7,12,18,11,210,32,10,5,455:1,21.4,18.3,8.0
"Vermillion, INDIANA",15451,58280,18,93,59,11.1,3.6,93.3,24,,18,16,28,54,29,7.8,41,22,8,4.1,5.5,80,21.7,38,1705:1,2207:1,773:1,5120,40,45,10,40,36,,86,Y,0.57,48,77,7,32,74.2,527,,,13,18,11,69,24,9,5,813:1,21.6,20.5,58.7
"Vigo, INDIANA",106006,52286,21,90,61,14.4,3.5,112.7,18,5,19,16,25,79,30,5.8,39,22,9,4.1,5.5,75,30.3,36,1204:1,1738:1,533:1,4603,43,48,15,17,37,5,86,Y,0.16,51,63,14,86,74.3,532,63,8,12,18,12,231,22,11,5,502:1,20.3,17.4,24.8
"Wabash, INDIANA",30828,64025,15,91,55,16.9,2.7,82.6,12,,17,16,20,67,27,7.8,40,21,7,4.0,5.5,91,22.8,28,2370:1,2803:1,354:1,2923,48,49,10,27,37,,85,Y,0.25,33,79,7,38,74.3,499,40,,12,18,10,46,27,10,6,1623:1,20.9,22.1,50.1
"Warren, INDIANA",8461,73539,13,93,67,10.6,2.6,90.5,,,15,16,19,34,25,8.5,39,19,6,3.7,5.2,70,31.2,,,8461:1,,2691,39,38,9,42,35,,87,Y,1,34,81,8,8,78.0,373,,,11,17,10,,,7,4,4231:1,21.9,20.9,100.0
"Warrick, INDIANA",65185,84567,8,95,76,10.2,2.6,70.6,16,2,13,17,12,79,22,8.6,33,15,7,3.3,5.1,74,22.9,19,652:1,2507:1,1230:1,3131,52,58,8,29,34,,90,Y,0.12,32,82,8,41,77.1,370,46,5,10,16,9,70,22,7,5,530:1,22.9,18.6,26.7
"Washington, INDIANA",28224,65342,18,87,55,7.8,2.7,85.7,26,,18,16,27,32,29,8.2,41,22,8,4.2,5.5,113,27,27,4015:1,5645:1,1882:1,1981,42,44,10,51,36,,79,Y,0.57,44,81,9,32,73.8,538,61,,13,19,11,101,39,11,7,2352:1,22.3,18.7,76.5
"Wayne, INDIANA",66273,51622,24,88,56,12.8,3.1,96.8,20,8,18,16,27,77,28,6.3,38,22,9,4.2,5.8,146,29.4,33,1661:1,1506:1,199:1,4648,43,44,12,21,37,6,85,Y,0.18,41,68,12,62,72.6,597,71,8,12,18,11,145,77,10,5,586:1,22.4,19.6,37.7
"Wells, INDIANA",28335,68879,12,93,56,16.3,2.3,73.5,18,,15,17,20,48,26,7.8,38,19,7,3.6,5.2,81,28.3,32,2169:1,3542:1,1417:1,3234,48,49,9,32,34,,83,Y,0.48,37,77,7,47,76.7,391,56,,11,17,10,60,24,9,5,1667:1,24.6,18.8,63.3
"White, INDIANA",24598,66167,13,90,61,10.5,2.5,78.2,28,,16,16,31,44,27,8.8,38,19,8,3.7,5.1,105,19.6,22,2739:1,2733:1,2050:1,1194,50,53,10,31,35,,87,Y,0.43,40,78,9,41,75.4,477,57,,12,17,10,97,27,13,7,3075:1,23.0,21.6,61.4
"Whitley, INDIANA",34627,72448,11,92,61,13.1,2.4,50,9,,15,17,17,54,25,8.9,37,19,7,3.7,5.0,66,13.7,14,1722:1,2164:1,866:1,2688,45,51,6,35,35,,88,Y,0.63,27,81,7,38,77.9,380,38,,11,16,9,52,15,8,5,1924:1,22.7,19.4,69.1
"Alameda, California",1628997,121190,10,89,79,6.8,3.3,46.2,9,7,13,16,7,100,18,9.0,25,9,7,3.0,5.1,48,9.9,11,893:1,962:1,133:1,2102,37,46,23,47,30,5,93,N,0,23,54,18,683,82.2,47,33,4,9,14,9,424,18,6,3,1403:1,19.5,15.7,0.5
"Alpine, California",1190,71646,27,93,57,0.0,5.4,88.8,,,15,18,,78,17,7.0,29,13,,3.6,5.5,316,,,1235:0,1190:0,298:1,921,33,35,10,52,32,,86,Y,1,44,83,11,4,,52,,,11,16,9,,,8,6,1190:0,16.1,25.5,100.0
"Amador, California",41412,74356,12,90,58,7.0,4.4,71.7,29,7,15,18,10,62,18,8.9,30,13,6,3.6,5.5,106,16.8,24,2172:1,1593:1,342:1,1514,38,43,18,44,34,,86,Y,0.65,30,79,16,52,78.8,44,,,11,16,9,483,26,6,3,1656:1,15.3,27.9,69.2
"Butte, California",207303,63353,19,90,71,8.1,4.5,91.8,19,4,17,17,12,82,20,7.5,31,15,6,3.8,5.8,107,19.4,23,1707:1,1234:1,117:1,3527,41,38,21,24,34,8,90,Y,0.1,39,58,18,157,76.6,24,40,4,12,18,10,134,38,9,3,748:1,20.0,18.5,21.0
"Calaveras, California",46563,73175,16,93,60,8.9,3.6,63.9,23,5,16,16,13,76,20,7.9,31,15,7,4.0,5.8,98,15.2,13,2568:1,2024:1,439:1,1865,37,39,18,56,32,,85,Y,0.9,25,82,19,23,78.6,56,38,,12,18,9,126,24,8,4,3582:1,17.3,28.9,82.0
"Colusa, California",21914,72963,14,73,51,5.0,11.6,51.5,9,,22,17,18,77,26,6.9,33,14,6,4.3,5.5,64,11.7,16,3653:1,2739:1,438:1,3265,33,41,17,34,34,,80,Y,0.37,19,63,12,122,79.5,34,54,,13,17,12,112,15,14,6,2435:1,26.4,16.1,42.7
"Contra Costa, California",1156966,119667,10,90,72,5.5,3.5,42.4,9,6,14,17,8,97,18,9.0,24,10,7,3.1,4.6,52,9.9,13,986:1,1070:1,249:1,2096,40,48,20,51,32,5,95,N,0,25,67,17,377,81.6,51,33,4,9,14,9,278,19,6,3,1646:1,21.7,17.4,1.0
"Del Norte, California",27082,57297,23,83,50,3.9,5.1,77.7,22,10,21,17,27,84,23,6.5,33,17,7,4.4,5.8,114,24.4,17,1653:1,1177:1,198:1,1451,26,30,19,17,35,,90,Y,0.4,32,68,14,37,74.6,17,43,,14,18,11,183,30,10,4,1290:1,20.9,20.5,43.7
"El Dorado, California",192646,104859,7,95,73,6.1,3.4,57.2,18,3,13,18,6,87,17,8.7,28,11,7,3.2,5.4,76,12.5,16,1323:1,1259:1,235:1,1883,47,45,18,39,32,6,92,Y,0.19,28,76,16,91,81.1,39,41,3,10,16,8,136,21,6,3,1736:1,19.3,23.6,36.7
"Fresno, California",1015190,68693,25,78,58,5.2,6.4,50.2,11,8,21,15,22,84,25,7.4,37,14,7,4.1,5.2,68,14,17,1480:1,1562:1,208:1,2779,38,41,26,26,33,9,85,Y,0.11,29,54,19,229,76.6,26,52,6,13,17,13,271,17,10,3,1015:1,27.6,12.9,11.3
"Glenn, California",28339,63247,19,78,46,6.9,5.3,51.9,19,8,21,17,18,82,25,7.6,32,16,6,4.3,5.6,95,11.7,11,5761:1,1134:1,545:1,3808,37,31,22,31,34,10,86,Y,0.51,25,61,19,85,76.2,31,78,8,14,18,11,81,34,15,5,1574:1,26.7,17.2,41.2
"Humboldt, California",135010,57660,21,91,68,8.7,4.0,108.7,20,8,17,19,11,89,20,7.4,33,16,6,4.1,6.2,105,22.9,28,1642:1,1216:1,170:1,1891,30,38,25,18,35,11,89,Y,0.17,35,57,21,158,76.4,18,44,5,12,18,10,199,33,9,3,758:1,18.5,20.0,31.5
"Imperial, California",178713,55523,28,71,57,4.6,14.7,33.9,7,5,27,16,23,81,30,6.4,38,14,6,4.5,5.5,59,10.8,13,3997:1,3081:1,509:1,2059,27,34,26,24,35,6,87,Y,0.18,25,58,18,186,77.4,24,35,4,15,17,15,275,21,11,3,1051:1,28.1,13.8,18.4
"Inyo, California",18718,64332,14,93,68,5.3,3.7,96.4,13,,15,17,24,87,18,7.9,29,13,8,3.6,5.4,94,,,1459:1,1248:1,197:1,1083,34,34,15,20,33,,83,Y,0.3,44,66,15,60,77.0,20,,,11,16,9,149,45,9,4,851:1,20.2,24.7,42.1
"Kern, California",916108,65981,24,77,51,4.2,6.9,53.4,13,11,23,17,26,85,28,7.3,37,16,8,4.3,5.5,92,14.8,20,2090:1,1901:1,414:1,2700,33,35,24,24,35,11,88,Y,0.12,34,60,18,204,74.9,24,55,6,14,17,13,289,41,12,4,1278:1,28.4,11.8,13.4
"Kings, California",152981,63683,21,74,50,3.6,7.0,43.8,13,7,23,18,26,66,26,7.6,35,15,7,4.3,5.2,63,15.8,15,2692:1,1577:1,424:1,2624,33,34,21,30,35,10,87,Y,0.31,30,55,15,95,77.3,30,45,5,13,17,13,147,17,10,4,1093:1,26.7,10.9,10.9
"Lake, California",68191,51848,23,87,56,5.5,5.0,66.8,27,10,19,16,25,68,24,7.8,34,16,7,4.3,6.1,173,21,20,2371:1,2273:1,263:1,2027,30,28,20,42,32,12,83,Y,0.51,38,70,17,43,74.6,42,48,5,13,18,11,243,81,10,3,1287:1,21.8,23.9,40.8
"Lassen, California",29904,60308,17,80,40,5.4,4.5,53.2,26,6,19,20,25,45,22,7.7,32,17,8,4.2,5.6,116,15.6,28,3684:1,880:1,315:1,2813,30,25,15,17,35,,86,Y,0.64,30,69,15,26,76.5,17,49,,13,17,11,97,31,7,2,1068:1,18.3,17.5,72.5
"Los Angeles, California",9721138,82455,18,80,66,5.9,4.9,48.6,8,6,18,16,12,98,22,8.3,29,11,7,3.5,5.1,49,11,15,1326:1,1032:1,224:1,2462,31,39,32,49,34,7,90,Y,0.01,29,46,24,734,80.1,49,35,4,11,15,12,602,19,12,4,1152:1,20.4,15.2,0.9
"Madera, California",160256,71273,31,72,50,4.5,6.1,49.2,12,7,23,17,23,74,26,7.7,36,16,6,4.5,5.7,71,14.7,14,2125:1,2081:1,532:1,2697,37,34,24,43,35,8,89,Y,0.25,29,65,17,136,77.4,43,46,5,14,18,13,184,18,14,4,1121:1,27.1,14.5,38.6
"Marin, California",256018,135960,8,93,79,8.8,2.7,48,14,2,11,17,5,98,13,9.3,23,9,6,2.8,4.4,62,9,13,671:1,803:1,110:1,1124,44,52,22,43,28,4,95,Y,0.04,22,64,19,353,84.7,43,22,1,8,13,7,341,21,6,3,1255:1,18.9,24.5,6.0
"Mariposa, California",17020,66513,21,92,73,8.7,4.5,74.6,30,,16,16,20,45,19,8.0,30,14,7,3.8,5.6,111,15.5,22,4287:1,1891:1,299:1,2473,36,27,21,40,32,,83,Y,1,39,74,15,11,78.5,40,,,11,17,9,139,33,8,4,1309:1,17.5,30.1,100.0
"Mendocino, California",89783,63621,23,87,58,7.3,4.1,63.6,22,7,18,17,19,67,21,7.5,32,15,7,4.0,5.7,132,18.6,20,1286:1,1247:1,151:1,1594,33,30,24,25,32,12,86,Y,0.29,25,61,19,66,77.2,25,56,6,12,17,10,224,59,11,5,898:1,20.8,24.6,48.5
"Merced, California",290014,65253,26,71,49,3.7,7.7,43.4,9,8,24,17,21,78,27,7.1,33,15,6,4.3,5.2,67,10.2,17,2387:1,2148:1,417:1,3367,33,38,22,34,34,10,89,Y,0.09,31,53,17,166,76.9,34,43,4,14,17,13,175,18,12,4,1480:1,28.6,11.7,16.8
"Modoc, California",8511,51166,28,88,58,0.0,5.5,68.4,,,19,15,24,55,22,6.2,33,17,8,4.2,5.8,139,18.4,,2165:1,1419:1,250:1,1726,35,16,12,24,34,,79,Y,1,37,75,12,18,75.8,24,,,13,18,10,,,11,5,1419:1,18.3,30.4,100.0
"Mono, California",12978,79105,11,87,71,3.8,3.7,58.9,15,,15,19,11,73,18,7.4,30,12,8,3.5,5.2,64,13.3,10,1204:1,2163:1,406:1,1360,42,40,16,17,32,,90,Y,1,36,68,14,57,98.9,17,,,11,16,9,60,,12,6,927:1,16.9,18.5,46.6
"Monterey, California",432858,91450,16,73,51,5.5,5.9,41,10,8,20,16,22,90,24,8.3,28,12,6,3.8,5.3,60,9.8,12,1545:1,1357:1,219:1,2064,36,45,29,31,31,8,92,Y,0.14,24,52,19,240,81.3,31,41,5,12,16,11,213,20,15,4,1568:1,25.4,15.2,14.3
"Napa, California",134300,98580,9,84,66,7.7,3.2,50,11,1,15,18,8,95,18,8.9,28,11,6,3.3,4.9,62,9.7,14,1016:1,988:1,149:1,1590,42,45,22,36,31,2,93,Y,0.02,26,65,18,197,81.4,36,28,3,10,15,9,242,14,9,5,1210:1,19.2,21.3,14.7
"Nevada, California",102293,80069,12,95,72,9.5,3.4,64.7,21,3,13,18,8,81,16,8.0,28,12,6,3.4,5.5,95,14.2,15,1380:1,1162:1,93:1,1695,43,43,20,30,30,7,90,Y,0.41,26,75,21,79,80.0,30,51,5,10,16,8,140,32,7,3,1077:1,16.7,29.5,48.2
"Orange, California",3151184,106047,11,87,73,6.6,3.2,41.7,10,2,14,16,9,99,17,9.0,25,10,6,3.1,4.5,48,9.3,13,1004:1,810:1,262:1,1602,38,47,26,41,32,5,94,N,0,27,57,20,720,81.8,41,29,3,10,14,10,268,21,9,4,1075:1,20.8,16.4,0.2
"Placer, California",417772,106114,6,95,80,7.3,3.1,54.2,12,2,12,19,5,95,15,8.9,26,10,6,3.2,4.8,55,12.5,16,820:1,949:1,265:1,1529,46,46,16,39,31,6,93,Y,0.09,29,74,15,156,81.8,39,27,3,9,15,8,115,17,5,2,1310:1,21.6,20.7,14.6
"Plumas, California",19351,66725,18,94,73,11.0,6.5,54.6,18,,15,16,14,91,18,8.2,30,14,9,3.7,5.7,116,13.6,26,1328:1,1209:1,358:1,1952,33,27,15,26,33,,84,Y,1,23,74,13,0,77.5,26,75,,11,17,9,131,31,7,3,1935:1,16.9,32.0,100.0
"Riverside, California",2473902,86350,13,83,58,4.2,4.2,49.5,12,5,18,17,14,90,22,8.3,36,12,7,3.8,4.8,66,12.9,16,2164:1,1734:1,371:1,2175,34,38,24,48,36,8,92,Y,0.03,34,69,19,232,78.5,48,39,4,11,15,11,496,27,12,4,1501:1,24.0,15.3,5.5
"Sacramento, California",1584169,83985,15,88,68,7.0,3.9,58.9,12,6,16,17,13,99,20,8.3,32,13,7,3.6,5.3,69,14.5,18,1123:1,1215:1,228:1,2527,36,42,21,39,34,7,93,Y,0.01,31,58,17,372,78.4,39,47,5,11,16,11,350,24,7,3,1161:1,22.7,15.4,2.4
"San Benito, California",67579,106560,8,84,58,3.6,5.0,51.1,10,3,18,19,12,84,21,9.1,31,11,7,3.6,5.0,64,13.5,17,3704:1,1931:1,814:1,1911,40,45,22,51,33,,93,Y,0.15,28,66,15,120,80.4,51,38,4,11,15,10,110,18,9,4,2599:1,25.0,13.5,22.7
"San Bernardino, California",2193656,78779,18,81,57,4.2,4.1,51.3,11,7,21,17,17,86,26,7.9,38,13,8,4.1,5.2,64,12.8,17,1699:1,1299:1,337:1,2687,27,28,25,44,37,9,91,Y,0.06,35,61,19,317,76.1,44,50,6,12,16,12,282,20,12,4,1170:1,25.4,12.5,5.4
"San Diego, California",3276208,98365,13,89,74,6.4,3.4,54.9,12,3,15,21,10,97,17,8.7,24,11,7,3.4,4.8,60,13.6,16,1185:1,1013:1,200:1,1965,35,42,25,38,35,5,94,Y,0.03,30,54,21,440,80.8,38,33,4,10,15,10,485,22,9,3,957:1,20.7,15.5,4.4
"San Francisco, California",808437,135366,8,89,88,9.4,2.5,43.7,9,5,13,17,6,100,17,8.7,19,9,7,2.8,4.8,78,8.9,11,610:1,571:1,92:1,2223,33,45,23,49,29,2,92,,,19,39,17,794,82.9,49,31,3,8,13,9,1590,59,5,2,674:1,13.7,18.2,0.0
"San Joaquin, California",793229,84738,16,80,53,4.5,5.2,46.7,11,10,19,16,17,89,25,8.1,33,13,8,3.7,4.7,72,11.6,16,1709:1,1659:1,339:1,2181,32,41,24,42,35,9,90,Y,0.04,33,60,17,243,76.6,42,51,5,12,16,12,235,21,10,3,2216:1,26.1,13.5,7.8
"San Luis Obispo, California",282013,88578,11,92,71,8.6,3.0,58.9,16,2,14,20,7,87,18,8.7,31,12,6,3.4,5.1,69,11.9,16,1205:1,1097:1,139:1,1332,45,49,20,24,32,2,91,Y,0.11,23,62,19,224,81.2,24,26,4,10,16,9,158,30,8,3,1068:1,17.0,22.3,19.1
"San Mateo, California",729181,143795,7,91,80,6.3,2.4,35.8,8,2,12,17,7,99,17,9.4,21,8,7,2.6,4.2,42,9,11,918:1,862:1,214:1,1468,43,51,23,40,29,5,94,Y,0.01,23,60,18,642,84.5,40,27,3,8,12,9,261,16,5,3,1617:1,19.3,18.3,1.7
"Santa Barbara, California",443837,89334,16,82,64,7.6,3.5,51.6,12,4,17,17,18,93,22,8.7,30,12,7,3.6,5.1,63,11.8,14,1305:1,1093:1,152:1,1413,46,49,28,22,30,5,92,Y,0.04,27,53,20,310,81.0,22,40,5,11,15,10,163,22,12,5,1126:1,21.9,16.7,5.6
"Santa Clara, California",1870945,150502,7,89,82,6.0,2.6,36.7,8,2,12,15,7,99,17,9.3,19,7,7,2.5,4.0,44,8.8,11,935:1,782:1,230:1,1893,37,51,22,40,29,4,95,N,0,24,56,16,626,84.1,40,28,3,8,12,9,219,15,5,2,908:1,20.3,15.1,1.3
"Santa Cruz, California",264370,99256,12,89,73,7.5,4.8,59.5,13,3,14,17,8,98,18,8.4,25,11,6,3.4,5.2,73,12.1,18,977:1,1106:1,105:1,1564,46,50,26,37,30,3,93,Y,0.07,24,60,20,324,82.1,37,27,4,10,15,9,220,24,9,4,1029:1,18.1,19.1,13.3
"Shasta, California",180930,66312,16,92,67,8.1,4.6,78,26,6,16,18,17,80,20,7.5,31,15,7,3.9,5.6,112,18.1,28,1283:1,1256:1,198:1,1915,37,35,21,16,34,10,89,Y,0.21,33,65,17,113,74.9,16,47,6,12,18,9,133,30,9,4,748:1,21.5,21.6,33.8
"Sierra, California",3217,63939,14,94,34,0.0,4.2,139.4,,,14,16,,7,18,6.4,30,13,10,3.6,5.5,125,,,,1609:1,402:1,1644,41,17,20,49,33,,77,Y,1,,83,21,1,81.7,49,,,11,17,9,,,7,5,643:1,16.6,31.8,98.8
"Siskiyou, California",43660,51593,18,91,62,10.9,5.7,82.9,23,7,18,16,18,76,21,6.8,33,16,8,4.1,6.0,124,22,25,1337:1,1506:1,191:1,1274,37,26,17,24,33,,84,Y,0.73,26,68,16,51,74.3,24,77,7,13,18,10,156,25,9,3,1065:1,19.9,27.8,70.9
"Solano, California",448747,92711,12,89,65,5.2,4.2,61.5,13,8,16,17,13,97,21,8.7,30,11,7,3.7,5.2,66,15.1,18,1192:1,1025:1,221:1,2268,32,37,20,45,35,7,93,Y,0.03,30,63,17,327,79.4,45,41,5,10,15,10,349,21,7,3,1084:1,21.7,17.6,4.5
"Sonoma, California",482650,96312,9,89,69,7.1,3.1,58.1,14,2,14,21,9,93,17,8.8,29,11,6,3.4,5.1,64,12.5,14,984:1,1020:1,179:1,1526,41,46,22,32,29,6,93,Y,0.08,24,62,18,246,81.1,32,33,3,10,15,8,333,28,9,4,1160:1,18.7,21.9,13.6
"Stanislaus, California",551275,75249,19,80,54,5.6,5.4,52.3,11,4,20,18,19,94,24,8.2,35,14,7,4.2,5.5,66,12.6,18,1528:1,1414:1,383:1,2950,35,40,23,37,33,8,90,Y,0.04,32,61,18,206,76.0,37,45,5,13,17,12,190,23,11,4,1285:1,26.5,13.8,8.2
"Sutter, California",98503,66071,18,80,60,5.9,6.6,52,11,5,19,16,16,82,24,7.5,32,14,7,3.9,5.4,73,15.5,16,1321:1,1173:1,247:1,2913,35,46,19,36,34,10,87,Y,0.17,29,60,14,157,77.5,36,48,5,12,17,11,152,20,11,4,975:1,25.0,16.5,15.1
"Tehama, California",65245,58900,19,87,60,4.6,4.8,77.7,22,6,19,16,23,58,23,7.0,34,16,6,4.3,6.0,107,23.4,26,1871:1,1591:1,476:1,2729,36,28,22,32,34,,83,Y,0.27,37,67,16,50,75.0,32,52,6,13,18,11,83,17,9,4,1418:1,23.7,20.4,57.0
"Trinity, California",15781,49485,24,95,48,5.6,4.6,47.7,38,,19,15,26,89,23,6.9,33,18,6,4.4,6.1,176,14.3,14,5353:1,3156:1,309:1,1598,36,31,21,36,34,,78,Y,1,13,71,13,12,73.9,36,169,,14,19,11,92,32,8,3,1052:1,17.4,30.6,100.0
"Tulare, California",477544,64313,24,73,51,4.6,8.2,53,9,8,24,16,25,72,28,7.5,36,15,7,4.6,5.3,64,14.5,18,2159:1,1749:1,310:1,2324,35,40,26,28,35,9,86,Y,0.2,33,58,17,151,76.2,28,47,6,15,17,14,143,14,14,3,1073:1,29.6,11.8,20.1
"Tuolumne, California",54531,70108,15,92,65,7.7,4.5,68.5,19,3,15,18,11,74,18,7.9,30,13,7,3.6,5.6,95,14.2,19,1595:1,826:1,413:1,1774,37,40,19,31,32,,86,Y,0.26,30,74,17,43,77.0,31,61,7,11,16,9,114,24,7,3,1091:1,17.2,28.1,47.8
"Ventura, California",832605,101981,13,85,66,6.4,3.7,46.9,10,3,16,18,12,98,19,8.9,27,11,6,3.6,4.9,58,11.8,16,1230:1,1022:1,208:1,2007,39,47,23,32,31,6,92,Y,0.01,27,64,19,333,81.3,32,31,4,10,15,10,168,23,12,4,1614:1,21.6,17.5,3.4
"Yolo, California",222115,82359,15,88,72,6.7,4.0,63.3,9,3,16,18,6,96,20,8.5,28,11,6,3.6,5.1,49,13.5,15,810:1,1610:1,231:1,1809,35,44,23,31,33,5,91,Y,0.11,29,52,20,187,80.6,31,24,4,11,16,10,170,14,8,4,1461:1,19.5,13.5,8.0
"Yuba, California",84310,63626,19,83,62,3.6,5.5,61.8,19,8,19,18,22,84,23,7.1,34,15,7,4.1,5.7,92,17.2,21,4907:1,3372:1,394:1,3939,30,38,19,48,35,9,89,Y,0.21,32,61,16,174,75.6,48,65,7,13,18,11,154,23,9,3,1240:1,26.9,13.2,29.5